Event,Year,Domain,Day,Normalized_Price,Daily_Return_Pct
iPod Launch,2001,Consumer Electronics,-30,102.26009504518679,1.64384752078508
iPod Launch,2001,Consumer Electronics,-29,97.68466497974023,-4.474306486244473
iPod Launch,2001,Consumer Electronics,-28,95.25882809740467,-2.4833343932117558
iPod Launch,2001,Consumer Electronics,-27,95.75520999955299,0.5210875590877295
iPod Launch,2001,Consumer Electronics,-26,93.66035281712917,-2.187721359948569
iPod Launch,2001,Consumer Electronics,-25,89.74620288168171,-4.179089462848584
iPod Launch,2001,Consumer Electronics,-24,93.8257988432254,4.545703139019808
iPod Launch,2001,Consumer Electronics,-23,86.43870115721283,-7.873205213371803
iPod Launch,2001,Consumer Electronics,-22,86.71435323433231,0.31889891151664074
iPod Launch,2001,Consumer Electronics,-21,90.68341994388793,4.577173860513972
iPod Launch,2001,Consumer Electronics,-20,85.66690820917303,-5.5318951775517045
iPod Launch,2001,Consumer Electronics,-19,83.51706303886914,-2.5095398156014026
iPod Launch,2001,Consumer Electronics,-18,85.50143479316453,2.376007587062623
iPod Launch,2001,Consumer Electronics,-17,85.50143479316453,0.0
iPod Launch,2001,Consumer Electronics,-16,85.66690820917303,0.19353291135850714
iPod Launch,2001,Consumer Electronics,-15,82.96572601673546,-3.1531220735106946
iPod Launch,2001,Consumer Electronics,-14,82.57981858675065,-0.4651407858553114
iPod Launch,2001,Consumer Electronics,-13,87.54106843446273,6.0078236215792336
iPod Launch,2001,Consumer Electronics,-12,88.97445375750155,1.6373861419248126
iPod Launch,2001,Consumer Electronics,-11,89.30531841978174,0.37186478624746666
iPod Launch,2001,Consumer Electronics,-10,88.20265533147929,-1.2347115578485002
iPod Launch,2001,Consumer Electronics,-9,92.7230809750984,5.125044848854787
iPod Launch,2001,Consumer Electronics,-8,97.7949038986582,5.469860222744183
iPod Launch,2001,Consumer Electronics,-7,99.28315121598064,1.521804570578289
iPod Launch,2001,Consumer Electronics,-6,99.1729561209223,-0.1109907307621727
iPod Launch,2001,Consumer Electronics,-5,99.28315121598064,0.11111405706609734
iPod Launch,2001,Consumer Electronics,-4,93.66035281712917,-5.663396386985764
iPod Launch,2001,Consumer Electronics,-3,99.22822896389002,5.944752479880222
iPod Launch,2001,Consumer Electronics,-2,100.88197708713322,1.666610540680935
iPod Launch,2001,Consumer Electronics,-1,104.85106023063622,3.934382788785773
iPod Launch,2001,Consumer Electronics,0,100.0,-4.626620102806345
iPod Launch,2001,Consumer Electronics,1,104.46514732266894,4.465147322668939
iPod Launch,2001,Consumer Electronics,2,105.78829920477224,1.2665964831470422
iPod Launch,2001,Consumer Electronics,3,102.92161620641389,-2.709829933846819
iPod Launch,2001,Consumer Electronics,4,97.18826116566208,-5.570603389333984
iPod Launch,2001,Consumer Electronics,5,97.02306712675876,-0.1699732425727185
iPod Launch,2001,Consumer Electronics,6,96.80239208155444,-0.22744595871825313
iPod Launch,2001,Consumer Electronics,7,102.48046332337364,5.865631127209636
iPod Launch,2001,Consumer Electronics,8,102.37024631638548,-0.10754928638482264
iPod Launch,2001,Consumer Electronics,9,105.12669039582588,2.692622298593794
iPod Launch,2001,Consumer Electronics,10,107.88289344403825,2.621791894936143
iPod Launch,2001,Consumer Electronics,11,107.99314331892114,0.10219402850932813
iPod Launch,2001,Consumer Electronics,12,103.14208308828492,-4.492007623400907
iPod Launch,2001,Consumer Electronics,13,103.14208308828492,0.0
iPod Launch,2001,Consumer Electronics,14,103.36246232243667,0.21366568092591187
iPod Launch,2001,Consumer Electronics,15,106.78047138696381,3.306818537144296
iPod Launch,2001,Consumer Electronics,16,108.10363422503202,1.239143095063877
iPod Launch,2001,Consumer Electronics,17,107.22132845895152,-0.8161666093887909
iPod Launch,2001,Consumer Electronics,18,104.575375285622,-2.467748918390311
iPod Launch,2001,Consumer Electronics,19,110.2534574834061,5.429655100233499
iPod Launch,2001,Consumer Electronics,20,107.66244847409703,-2.3500478519678403
iPod Launch,2001,Consumer Electronics,21,108.48949235317474,0.7681823057151371
iPod Launch,2001,Consumer Electronics,22,109.37148039627287,0.8129709375235494
iPod Launch,2001,Consumer Electronics,23,117.8057327743746,7.711564612221489
iPod Launch,2001,Consumer Electronics,24,115.7661374789536,-1.731320919099344
iPod Launch,2001,Consumer Electronics,25,113.17511751367961,-2.2381501375953072
iPod Launch,2001,Consumer Electronics,26,112.56875963577113,-0.5357696030977688
iPod Launch,2001,Consumer Electronics,27,117.41986369026698,4.309458565762059
iPod Launch,2001,Consumer Electronics,28,116.04173477624853,-1.173676131709478
iPod Launch,2001,Consumer Electronics,29,123.48383688408853,6.413297872691959
iPod Launch,2001,Consumer Electronics,30,130.98113514314187,6.071481457197425
iPhone Launch,2007,Mobile/Smartphone,-30,89.67551063254201,1.9563611565472483
iPhone Launch,2007,Mobile/Smartphone,-29,90.15080320308043,0.5300137876950606
iPhone Launch,2007,Mobile/Smartphone,-28,91.75681201115428,1.7814692171472135
iPhone Launch,2007,Mobile/Smartphone,-27,93.03505035990717,1.3930718828783162
iPhone Launch,2007,Mobile/Smartphone,-26,92.50248036083802,-0.5724401685267
iPhone Launch,2007,Mobile/Smartphone,-25,90.69977540447421,-1.9488179661039884
iPhone Launch,2007,Mobile/Smartphone,-24,93.10063962726484,2.647045389124747
iPhone Launch,2007,Mobile/Smartphone,-23,93.6988119216522,0.6425007355289614
iPhone Launch,2007,Mobile/Smartphone,-22,97.32059798078336,3.8653489674549846
iPhone Launch,2007,Mobile/Smartphone,-21,99.30353174330983,2.0375273104240588
iPhone Launch,2007,Mobile/Smartphone,-20,97.01737871310718,-2.3021870320908078
iPhone Launch,2007,Mobile/Smartphone,-19,99.41822990793726,2.474660959383068
iPhone Launch,2007,Mobile/Smartphone,-18,100.51623945052752,1.1044348140245797
iPhone Launch,2007,Mobile/Smartphone,-17,101.31105578136268,0.7907342486945579
iPhone Launch,2007,Mobile/Smartphone,-16,101.66341000222974,0.3477944417314749
iPhone Launch,2007,Mobile/Smartphone,-15,102.00756312193448,0.33852210908251745
iPhone Launch,2007,Mobile/Smartphone,-14,98.48413165092856,-3.454088464787841
iPhone Launch,2007,Mobile/Smartphone,-13,98.63980926544646,0.1580738053006181
iPhone Launch,2007,Mobile/Smartphone,-12,96.27991146458574,-2.392439541838598
iPhone Launch,2007,Mobile/Smartphone,-11,97.30416972253767,1.0638338178454498
iPhone Launch,2007,Mobile/Smartphone,-10,98.73813779765062,1.473696429661664
iPhone Launch,2007,Mobile/Smartphone,-9,102.49920578295534,3.809134007583248
iPhone Launch,2007,Mobile/Smartphone,-8,101.32748403960838,-1.1431520219074787
iPhone Launch,2007,Mobile/Smartphone,-7,99.5985043119618,-1.7063284892879893
iPhone Launch,2007,Mobile/Smartphone,-6,101.5241020201351,1.933360065470402
iPhone Launch,2007,Mobile/Smartphone,-5,100.78665431355446,-0.7263769803493192
iPhone Launch,2007,Mobile/Smartphone,-4,100.24585715740193,-0.5365761566705984
iPhone Launch,2007,Mobile/Smartphone,-3,98.04164348503937,-2.1988077461411626
iPhone Launch,2007,Mobile/Smartphone,-2,99.87710724819053,1.8721266779164525
iPhone Launch,2007,Mobile/Smartphone,-1,98.78729880676258,-1.091149384933443
iPhone Launch,2007,Mobile/Smartphone,0,100.0,1.227588169618432
iPhone Launch,2007,Mobile/Smartphone,1,99.36088733960382,-0.6391126603961794
iPhone Launch,2007,Mobile/Smartphone,2,104.20357569313472,4.87383766710856
iPhone Launch,2007,Mobile/Smartphone,3,108.77588175354005,4.38785908256174
iPhone Launch,2007,Mobile/Smartphone,4,108.40712533034838,-0.33900568512713614
iPhone Launch,2007,Mobile/Smartphone,5,106.79292844907276,-1.4890136385008579
iPhone Launch,2007,Mobile/Smartphone,6,108.44807872431774,1.549868796822329
iPhone Launch,2007,Mobile/Smartphone,7,108.48086358702615,0.030230929947383522
iPhone Launch,2007,Mobile/Smartphone,8,109.85741744002269,1.2689370341269601
iPhone Launch,2007,Mobile/Smartphone,9,112.85650606904285,2.729982825836519
iPhone Launch,2007,Mobile/Smartphone,10,113.15965368293605,0.268613325409639
iPhone Launch,2007,Mobile/Smartphone,11,113.82338918875996,0.5865478412329317
iPhone Launch,2007,Mobile/Smartphone,12,113.17605588526067,-0.5687172980113897
iPhone Launch,2007,Mobile/Smartphone,13,114.71653405179929,1.3611343446182644
iPhone Launch,2007,Mobile/Smartphone,14,117.789282769734,2.6785578411453903
iPhone Launch,2007,Mobile/Smartphone,15,117.74832286178435,-0.03477388348624988
iPhone Launch,2007,Mobile/Smartphone,16,110.52937358894974,-6.130829804946247
iPhone Launch,2007,Mobile/Smartphone,17,112.47137349944765,1.7569989292801624
iPhone Launch,2007,Mobile/Smartphone,18,119.63290855016582,6.367429175881223
iPhone Launch,2007,Mobile/Smartphone,19,117.8711765297122,-1.4726148864924515
iPhone Launch,2007,Mobile/Smartphone,20,115.88824276718572,-1.6822889368773075
iPhone Launch,2007,Mobile/Smartphone,21,107.964585052617,-6.837326656584997
iPhone Launch,2007,Mobile/Smartphone,22,110.61948799203105,2.459049824644044
iPhone Launch,2007,Mobile/Smartphone,23,111.84039028643078,1.1036954849110048
iPhone Launch,2007,Mobile/Smartphone,24,108.03840799103833,-3.3994715913055473
iPhone Launch,2007,Mobile/Smartphone,25,110.82436569954253,2.5786734183784965
iPhone Launch,2007,Mobile/Smartphone,26,110.644019641735,-0.16273141440437122
iPhone Launch,2007,Mobile/Smartphone,27,109.80823688896993,-0.7553799613131629
iPhone Launch,2007,Mobile/Smartphone,28,103.56444349079774,-5.686088380132592
iPhone Launch,2007,Mobile/Smartphone,29,102.42544147035647,-1.099800261604711
iPhone Launch,2007,Mobile/Smartphone,30,104.71158798657885,2.232010410112828
iPad Launch,2010,Tablet Computing,-30,84.56116519326844,-0.620898538465886
iPad Launch,2010,Tablet Computing,-29,84.03703248889435,-0.619826729180184
iPad Launch,2010,Tablet Computing,-28,82.62818751284165,-1.676457312124724
iPad Launch,2010,Tablet Computing,-27,84.13767903478517,1.8268481584555074
iPad Launch,2010,Tablet Computing,-26,84.6995516938713,0.667801471982421
iPad Launch,2010,Tablet Computing,-25,85.79813704223554,1.2970379729220438
iPad Launch,2010,Tablet Computing,-24,87.6304948434062,2.1356615240592403
iPad Launch,2010,Tablet Computing,-23,87.57178158052878,-0.06700094867926332
iPad Launch,2010,Tablet Computing,-22,87.7730546723344,0.22983784065251367
iPad Launch,2010,Tablet Computing,-21,88.35167397799123,0.659222021857242
iPad Launch,2010,Tablet Computing,-20,91.8067498319002,3.9105946705318306
iPad Launch,2010,Tablet Computing,-19,91.86126976647628,0.059385540470513476
iPad Launch,2010,Tablet Computing,-18,93.51331445068932,1.798412637243918
iPad Launch,2010,Tablet Computing,-17,94.27645353492242,0.8160753243705354
iPad Launch,2010,Tablet Computing,-16,94.55318653617616,0.2935335291873509
iPad Launch,2010,Tablet Computing,-15,95.01445264932349,0.48783772397860137
iPad Launch,2010,Tablet Computing,-14,93.85716070474048,-1.2180167462041758
iPad Launch,2010,Tablet Computing,-13,94.11294706446353,0.27252727208284533
iPad Launch,2010,Tablet Computing,-12,93.97456723051933,-0.14703591616296308
iPad Launch,2010,Tablet Computing,-11,94.1967936305143,0.2364750448383246
iPad Launch,2010,Tablet Computing,-10,93.19046150477953,-1.0683294907914864
iPad Launch,2010,Tablet Computing,-9,94.23872024686904,1.124856262285756
iPad Launch,2010,Tablet Computing,-8,95.75242509708988,1.6062451254171606
iPad Launch,2010,Tablet Computing,-7,96.17591792223182,0.4422789550369455
iPad Launch,2010,Tablet Computing,-6,95.03538595753686,-1.1858810285722554
iPad Launch,2010,Tablet Computing,-5,96.81749715233676,1.8752080362952173
iPad Launch,2010,Tablet Computing,-4,97.44218306938032,0.6452200639525563
iPad Launch,2010,Tablet Computing,-3,98.89301466171574,1.4889153204853844
iPad Launch,2010,Tablet Computing,-2,98.53657508944322,-0.36042947370124034
iPad Launch,2010,Tablet Computing,-1,98.94330793469715,0.412773475112882
iPad Launch,2010,Tablet Computing,0,100.0,1.0679772966558643
iPad Launch,2010,Tablet Computing,1,100.44026613834731,0.44026613834731165
iPad Launch,2010,Tablet Computing,2,100.88467893838526,0.4424647774487589
iPad Launch,2010,Tablet Computing,3,100.61213259877422,-0.2701563235161908
iPad Launch,2010,Tablet Computing,4,101.38367167292732,0.766844966133351
iPad Launch,2010,Tablet Computing,5,101.59328475472495,0.2067523086694445
iPad Launch,2010,Tablet Computing,6,101.6520580175304,0.057851523304242036
iPad Launch,2010,Tablet Computing,7,103.01898304388702,1.3447096428887972
iPad Launch,2010,Tablet Computing,8,104.37332808533964,1.3146558055961988
iPad Launch,2010,Tablet Computing,9,103.73600218346404,-0.6106214236595742
iPad Launch,2010,Tablet Computing,10,103.59763568283718,-0.13338329771197532
iPad Launch,2010,Tablet Computing,11,102.55774359737435,-1.0037797471039278
iPad Launch,2010,Tablet Computing,12,108.69214290276186,5.9814101697383215
iPad Launch,2010,Tablet Computing,13,111.7320859214969,2.7968378739709143
iPad Launch,2010,Tablet Computing,14,113.56030372763553,1.6362513874690787
iPad Launch,2010,Tablet Computing,15,113.00263773016806,-0.491074767468902
iPad Launch,2010,Tablet Computing,16,109.87461481712887,-2.768097254958224
iPad Launch,2010,Tablet Computing,17,109.69008170523529,-0.16794881347318436
iPad Launch,2010,Tablet Computing,18,112.64197149630087,2.6911182352822527
iPad Launch,2010,Tablet Computing,19,109.47630196177099,-2.8103818607559172
iPad Launch,2010,Tablet Computing,20,111.6817926485155,2.0145827427699103
iPad Launch,2010,Tablet Computing,21,108.46572317446552,-2.8796721451020857
iPad Launch,2010,Tablet Computing,22,107.33775786135725,-1.0399278962017977
iPad Launch,2010,Tablet Computing,23,103.25380276210335,-3.8047702696835883
iPad Launch,2010,Tablet Computing,24,98.89716799006509,-4.219345588729507
iPad Launch,2010,Tablet Computing,25,106.49919886762802,7.686803406065801
iPad Launch,2010,Tablet Computing,26,107.56005092793887,0.9961127140772463
iPad Launch,2010,Tablet Computing,27,109.89558812529425,2.171379780137972
iPad Launch,2010,Tablet Computing,28,108.33160333540933,-1.423155211746796
iPad Launch,2010,Tablet Computing,29,106.42787228655325,-1.757318261931251
iPad Launch,2010,Tablet Computing,30,106.59563875190017,0.15763395597649943
iPhone 5S Touch ID,2013,Mobile Security,-30,98.63074297880956,-0.19914722728358036
iPhone 5S Touch ID,2013,Mobile Security,-29,97.22727239645121,-1.4229544865741128
iPhone 5S Touch ID,2013,Mobile Security,-28,99.98930123217782,2.8407963811472925
iPhone 5S Touch ID,2013,Mobile Security,-27,104.74101637632667,4.752223573515391
iPhone 5S Touch ID,2013,Mobile Security,-26,106.65153709600904,1.8240425630566826
iPhone 5S Touch ID,2013,Mobile Security,-25,106.52531545485641,-0.11834957525176382
iPhone 5S Touch ID,2013,Mobile Security,-24,107.4709356757261,0.8876953021278888
iPhone 5S Touch ID,2013,Mobile Security,-23,108.62842061176838,1.0770213628127134
iPhone 5S Touch ID,2013,Mobile Security,-22,107.2013955374824,-1.3136756166105656
iPhone 5S Touch ID,2013,Mobile Security,-21,107.47738669528492,0.2574510867314528
iPhone 5S Touch ID,2013,Mobile Security,-20,107.60577190915113,0.11945323366502336
iPhone 5S Touch ID,2013,Mobile Security,-19,107.1907232353815,-0.38571227770202166
iPhone 5S Touch ID,2013,Mobile Security,-18,107.60788916685249,0.38918100268334754
iPhone 5S Touch ID,2013,Mobile Security,-17,104.53134831601925,-2.8590290866712165
iPhone 5S Touch ID,2013,Mobile Security,-16,105.02556919495906,0.47279680871015195
iPhone 5S Touch ID,2013,Mobile Security,-15,105.19673624725337,0.16297655285879564
iPhone 5S Touch ID,2013,Mobile Security,-14,104.23826691870855,-0.9111207844814007
iPhone 5S Touch ID,2013,Mobile Security,-13,104.52919797616629,0.27910197095335487
iPhone 5S Touch ID,2013,Mobile Security,-12,106.69218844387514,2.0692691703250388
iPhone 5S Touch ID,2013,Mobile Security,-11,105.9605104972975,-0.6857839896709184
iPhone 5S Touch ID,2013,Mobile Security,-10,106.59165178521215,0.5956382098883273
iPhone 5S Touch ID,2013,Mobile Security,-9,108.29250444458707,1.5956715473386396
iPhone 5S Touch ID,2013,Mobile Security,-8,105.82571396245442,-2.277895866186108
iPhone 5S Touch ID,2013,Mobile Security,-7,100.06420583979371,-5.444336642703673
iPhone 5S Touch ID,2013,Mobile Security,-6,101.12962976440876,1.0647402991643462
iPhone 5S Touch ID,2013,Mobile Security,-5,99.46299066620176,-1.6480225450143604
iPhone 5S Touch ID,2013,Mobile Security,-4,96.30088613851233,-3.179177004943945
iPhone 5S Touch ID,2013,Mobile Security,-3,97.4134124305523,1.1552607007580207
iPhone 5S Touch ID,2013,Mobile Security,-2,99.41593461378903,2.0556945222141465
iPhone 5S Touch ID,2013,Mobile Security,-1,101.04621642740553,1.6398596663098397
iPhone 5S Touch ID,2013,Mobile Security,0,100.0,-1.035384069186951
iPhone 5S Touch ID,2013,Mobile Security,1,104.96993824885585,4.969938248855854
iPhone 5S Touch ID,2013,Mobile Security,2,104.6404400190818,-0.3138977075445304
iPhone 5S Touch ID,2013,Mobile Security,3,103.02089667186938,-1.5477222256682688
iPhone 5S Touch ID,2013,Mobile Security,4,104.02429156226492,0.9739721967198856
iPhone 5S Touch ID,2013,Mobile Security,5,103.28186853285288,-0.7137015962926596
iPhone 5S Touch ID,2013,Mobile Security,6,101.99826120211274,-1.2428196245615308
iPhone 5S Touch ID,2013,Mobile Security,7,104.39657824689739,2.351331303611426
iPhone 5S Touch ID,2013,Mobile Security,8,104.73887265290405,0.3278789513552205
iPhone 5S Touch ID,2013,Mobile Security,9,103.4231028543942,-1.256238266827825
iPhone 5S Touch ID,2013,Mobile Security,10,103.34183324081359,-0.07857974798438638
iPhone 5S Touch ID,2013,Mobile Security,11,104.35160637003445,0.97711942739378
iPhone 5S Touch ID,2013,Mobile Security,12,102.89466841428647,-1.3961816271247818
iPhone 5S Touch ID,2013,Mobile Security,13,104.10346376743512,1.174789104020113
iPhone 5S Touch ID,2013,Mobile Security,14,104.75601582385474,0.6268303020900534
iPhone 5S Touch ID,2013,Mobile Security,15,105.43418669846083,0.6473813167411802
iPhone 5S Touch ID,2013,Mobile Security,16,106.12529269433612,0.6554856802299502
iPhone 5S Touch ID,2013,Mobile Security,17,106.69002487116157,0.5321372148786141
iPhone 5S Touch ID,2013,Mobile Security,18,107.2099638147426,0.48733604121744545
iPhone 5S Touch ID,2013,Mobile Security,19,107.93521720748265,0.6764794678909558
iPhone 5S Touch ID,2013,Mobile Security,20,108.8744658059573,0.8701966075346235
iPhone 5S Touch ID,2013,Mobile Security,21,111.54237592042817,2.4504461121543253
iPhone 5S Touch ID,2013,Mobile Security,22,111.22353014346406,-0.2858516992605198
iPhone 5S Touch ID,2013,Mobile Security,23,112.31255487501895,0.9791316011550588
iPhone 5S Touch ID,2013,Mobile Security,24,113.79943879438052,1.3238804165893958
iPhone 5S Touch ID,2013,Mobile Security,25,112.52643760143815,-1.1186357388304202
iPhone 5S Touch ID,2013,Mobile Security,26,113.36509660980727,0.7452995280447849
iPhone 5S Touch ID,2013,Mobile Security,27,110.54107182201274,-2.4910884145537215
iPhone 5S Touch ID,2013,Mobile Security,28,112.29971900020446,1.5909445685703183
iPhone 5S Touch ID,2013,Mobile Security,29,111.82901291461033,-0.4191516147901142
iPhone 5S Touch ID,2013,Mobile Security,30,111.25776355392291,-0.5108239318213581
Apple Pay Launch,2014,Mobile Payments,-30,98.59664798972236,-0.6163104074127013
Apple Pay Launch,2014,Mobile Payments,-29,98.2257364873948,-0.3761907832467437
Apple Pay Launch,2014,Mobile Payments,-28,101.24298921652459,3.071753734844229
Apple Pay Launch,2014,Mobile Payments,-27,101.67403893193563,0.42575759442382566
Apple Pay Launch,2014,Mobile Payments,-26,101.90454420726003,0.22671006064656218
Apple Pay Launch,2014,Mobile Payments,-25,101.8744967549791,-0.02948588064907165
Apple Pay Launch,2014,Mobile Payments,-24,101.10264362145165,-0.7576509903002071
Apple Pay Launch,2014,Mobile Payments,-23,101.82437147208783,0.7138565568458155
Apple Pay Launch,2014,Mobile Payments,-22,102.03486821043646,0.2067253009328196
Apple Pay Launch,2014,Mobile Payments,-21,101.20288552552985,-0.8153905615781443
Apple Pay Launch,2014,Mobile Payments,-20,101.30311010619944,0.09903332315983615
Apple Pay Launch,2014,Mobile Payments,-19,102.88693738765768,1.5634537575380358
Apple Pay Launch,2014,Mobile Payments,-18,101.99479050455467,-0.8671138491969987
Apple Pay Launch,2014,Mobile Payments,-17,98.10543407611489,-3.8132892956587727
Apple Pay Launch,2014,Mobile Payments,-16,100.99238012547691,2.9426973913821985
Apple Pay Launch,2014,Mobile Payments,-15,100.3508596568302,-0.6352167043193302
Apple Pay Launch,2014,Mobile Payments,-14,100.99238012547691,0.6392775017977081
Apple Pay Launch,2014,Mobile Payments,-13,99.4185917593238,-1.5583238697788548
Apple Pay Launch,2014,Mobile Payments,-12,100.14034559507294,0.7259747125531568
Apple Pay Launch,2014,Mobile Payments,-11,99.85964574322274,-0.2803064540891853
Apple Pay Launch,2014,Mobile Payments,-10,99.85964574322274,0.0
Apple Pay Launch,2014,Mobile Payments,-9,98.98756802902572,-0.8733034327394473
Apple Pay Launch,2014,Mobile Payments,-8,101.04249674666386,2.0759462612876645
Apple Pay Launch,2014,Mobile Payments,-7,101.26304106202195,0.2182688694946311
Apple Pay Launch,2014,Mobile Payments,-6,100.97233694168386,-0.28707820473221624
Apple Pay Launch,2014,Mobile Payments,-5,100.05008197436966,-0.913373895512426
Apple Pay Launch,2014,Mobile Payments,-4,98.98756802902572,-1.061982083748958
Apple Pay Launch,2014,Mobile Payments,-3,97.77467823500797,-1.225295073076338
Apple Pay Launch,2014,Mobile Payments,-2,96.49159398919296,-1.3122868507232877
Apple Pay Launch,2014,Mobile Payments,-1,97.90495026795848,1.464745497855291
Apple Pay Launch,2014,Mobile Payments,0,100.0,2.139881309686098
Apple Pay Launch,2014,Mobile Payments,1,102.71652701689517,2.716527016895176
Apple Pay Launch,2014,Mobile Payments,2,103.23777105937495,0.5074587874198899
Apple Pay Launch,2014,Mobile Payments,3,105.08221170036877,1.7865947918742409
Apple Pay Launch,2014,Mobile Payments,4,105.47314040137645,0.37202176722579416
Apple Pay Launch,2014,Mobile Payments,5,105.36288556710602,-0.10453356546590298
Apple Pay Launch,2014,Mobile Payments,6,106.99677749952534,1.5507281559583586
Apple Pay Launch,2014,Mobile Payments,7,107.59822892399458,0.5621210643207641
Apple Pay Launch,2014,Mobile Payments,8,107.23737366038083,-0.335372865541006
Apple Pay Launch,2014,Mobile Payments,9,108.25983588495593,0.9534569802252424
Apple Pay Launch,2014,Mobile Payments,10,109.66318789523358,1.2962813021155206
Apple Pay Launch,2014,Mobile Payments,11,108.86126132431222,-0.7312632309097733
Apple Pay Launch,2014,Mobile Payments,12,109.12187468384779,0.23939954063103563
Apple Pay Launch,2014,Mobile Payments,13,109.43397321385262,0.2860091351152727
Apple Pay Launch,2014,Mobile Payments,14,109.74607174385747,0.2851934557789759
Apple Pay Launch,2014,Mobile Payments,15,109.56485156610543,-0.16512680123530465
Apple Pay Launch,2014,Mobile Payments,16,110.44072310679395,0.7994092340462666
Apple Pay Launch,2014,Mobile Payments,17,112.00119843340953,1.412952833626946
Apple Pay Launch,2014,Mobile Payments,18,113.58180356086129,1.4112394773985626
Apple Pay Launch,2014,Mobile Payments,19,114.95098514760238,1.2054585715461252
Apple Pay Launch,2014,Mobile Payments,20,114.7596827460236,-0.16642084566143023
Apple Pay Launch,2014,Mobile Payments,21,116.24969510800798,1.2983761599288934
Apple Pay Launch,2014,Mobile Payments,22,115.44426054683765,-0.6928487514930803
Apple Pay Launch,2014,Mobile Payments,23,117.09535462403353,1.4302088898789478
Apple Pay Launch,2014,Mobile Payments,24,117.25646232435795,0.1375867564018307
Apple Pay Launch,2014,Mobile Payments,25,119.43102650204347,1.8545367432885485
Apple Pay Launch,2014,Mobile Payments,26,118.39408190784778,-0.86823719477781
Apple Pay Launch,2014,Mobile Payments,27,119.80354041966996,1.1904805452347178
Apple Pay Launch,2014,Mobile Payments,28,119.73304280822154,-0.05884434733853805
Apple Pay Launch,2014,Mobile Payments,29,115.8469691657185,-3.24561503771974
Apple Pay Launch,2014,Mobile Payments,30,115.40402693027814,-0.38235116432501215
AirPods Launch,2016,Audio/Wearables,-30,98.0641032060655,-0.15826720885266932
AirPods Launch,2016,Audio/Wearables,-29,96.29352669647442,-1.8055297011899563
AirPods Launch,2016,Audio/Wearables,-28,96.37988664511393,0.08968406454954447
AirPods Launch,2016,Audio/Wearables,-27,95.34680728613306,-1.071882728794682
AirPods Launch,2016,Audio/Wearables,-26,94.48733146752932,-0.9014206590310603
AirPods Launch,2016,Audio/Wearables,-25,95.8503186179937,1.4425078254356016
AirPods Launch,2016,Audio/Wearables,-24,96.41460016909912,0.5887111897398434
AirPods Launch,2016,Audio/Wearables,-23,96.25834620662434,-0.16206462734971172
AirPods Launch,2016,Audio/Wearables,-22,93.5758140993087,-2.7868046907407185
AirPods Launch,2016,Audio/Wearables,-21,94.13143163759828,0.5937619070029543
AirPods Launch,2016,Audio/Wearables,-20,91.77009302031868,-2.5085548750290343
AirPods Launch,2016,Audio/Wearables,-19,92.98551895748506,1.3244248721609786
AirPods Launch,2016,Audio/Wearables,-18,95.48571167070544,2.6887979346155166
AirPods Launch,2016,Audio/Wearables,-17,95.45097659444956,-0.03637725021694571
AirPods Launch,2016,Audio/Wearables,-16,95.54647470585999,0.10004938117731399
AirPods Launch,2016,Audio/Wearables,-15,96.99626721855805,1.5173689214188713
AirPods Launch,2016,Audio/Wearables,-14,97.05703025371261,0.06264471499468627
AirPods Launch,2016,Audio/Wearables,-13,96.5622044869385,-0.5098299066853884
AirPods Launch,2016,Audio/Wearables,-12,97.04834468862609,0.5034477042757945
AirPods Launch,2016,Audio/Wearables,-11,96.8573484658052,-0.19680523499260305
AirPods Launch,2016,Audio/Wearables,-10,96.761857538485,-0.09858924369989808
AirPods Launch,2016,Audio/Wearables,-9,95.94580236122367,-0.8433645219520058
AirPods Launch,2016,Audio/Wearables,-8,95.05164175499566,-0.9319434349630229
AirPods Launch,2016,Audio/Wearables,-7,95.40756313719737,0.3744505361823691
AirPods Launch,2016,Audio/Wearables,-6,94.72174114760237,-0.7188339865769056
AirPods Launch,2016,Audio/Wearables,-5,95.45097659444956,0.7698712439320854
AirPods Launch,2016,Audio/Wearables,-4,96.38855065792976,0.9822571721437079
AirPods Launch,2016,Audio/Wearables,-3,97.33482465467695,0.9817286288548832
AirPods Launch,2016,Audio/Wearables,-2,98.9235215519474,1.6321978314614682
AirPods Launch,2016,Audio/Wearables,-1,98.35921844857128,-0.5704438080277874
AirPods Launch,2016,Audio/Wearables,0,100.0,1.6681522863935871
AirPods Launch,2016,Audio/Wearables,1,100.0,0.0
AirPods Launch,2016,Audio/Wearables,2,100.54688886866168,0.5468888686616769
AirPods Launch,2016,Audio/Wearables,3,100.67713642450846,0.12953912081448138
AirPods Launch,2016,Audio/Wearables,4,101.25876755351626,0.5777191819951399
AirPods Launch,2016,Audio/Wearables,5,101.5278835734843,0.2657705860638737
AirPods Launch,2016,Audio/Wearables,6,101.6233960530752,0.09407512126633488
AirPods Launch,2016,Audio/Wearables,7,100.95494519365327,-0.6577726049155297
AirPods Launch,2016,Audio/Wearables,8,101.15459106110953,0.19775739273921733
AirPods Launch,2016,Audio/Wearables,9,101.79702114572302,0.6350973078675048
AirPods Launch,2016,Audio/Wearables,10,101.36295841410346,-0.4264002293330349
AirPods Launch,2016,Audio/Wearables,11,101.33692327111457,-0.02568506621771771
AirPods Launch,2016,Audio/Wearables,12,100.54688886866168,-0.7796115936332892
AirPods Launch,2016,Audio/Wearables,13,100.83340475516368,0.284957485732118
AirPods Launch,2016,Audio/Wearables,14,100.72055706585088,-0.11191498451016413
AirPods Launch,2016,Audio/Wearables,15,101.23273241052738,0.5085112310703632
AirPods Launch,2016,Audio/Wearables,16,102.3613170650089,1.114841640256059
AirPods Launch,2016,Audio/Wearables,17,103.29887676030864,0.9159316450610966
AirPods Launch,2016,Audio/Wearables,18,103.40304606862516,0.10084263409584349
AirPods Launch,2016,Audio/Wearables,19,103.95866360691474,0.53733188664562
AirPods Launch,2016,Audio/Wearables,20,103.52461524347565,-0.4175201453919364
AirPods Launch,2016,Audio/Wearables,21,103.34227584938039,-0.17613143856312075
AirPods Launch,2016,Audio/Wearables,22,104.17569497272451,0.8064648436413746
AirPods Launch,2016,Audio/Wearables,23,104.16703095990869,-0.008316731477631123
AirPods Launch,2016,Audio/Wearables,24,103.98470593399387,-0.17503141275571066
AirPods Launch,2016,Audio/Wearables,25,104.17569497272451,0.18367031672126277
AirPods Launch,2016,Audio/Wearables,26,104.2451651252363,0.06668556665732073
AirPods Launch,2016,Audio/Wearables,27,104.14965982973563,-0.09161604318620453
AirPods Launch,2016,Audio/Wearables,28,105.80778377497649,1.592058915940342
AirPods Launch,2016,Audio/Wearables,29,105.8598612450445,0.04921894043143915
AirPods Launch,2016,Audio/Wearables,30,105.86854681013102,0.008204776564380012
M1 Chip Announcement,2020,Semiconductors,-30,98.20945397757082,-0.7567907482971314
M1 Chip Announcement,2020,Semiconductors,-29,99.69003607043456,1.507575933781169
M1 Chip Announcement,2020,Semiconductors,-28,100.53363941581482,0.8462263418023142
M1 Chip Announcement,2020,Semiconductors,-27,97.28840188842474,-3.228011585224233
M1 Chip Announcement,2020,Semiconductors,-26,100.28400575986171,3.0790965966040806
M1 Chip Announcement,2020,Semiconductors,-25,97.40892727204778,-2.866936223806782
M1 Chip Announcement,2020,Semiconductors,-24,99.0616740025585,1.696709713160982
M1 Chip Announcement,2020,Semiconductors,-23,98.9669783832176,-0.09559258945943672
M1 Chip Announcement,2020,Semiconductors,-22,100.68859772696723,1.739589681199738
M1 Chip Announcement,2020,Semiconductors,-21,107.08437716240644,6.352039436265033
M1 Chip Announcement,2020,Semiconductors,-20,104.24371808576171,-2.652729699624179
M1 Chip Announcement,2020,Semiconductors,-19,104.32120062042796,0.07432825314472868
M1 Chip Announcement,2020,Semiconductors,-18,103.90799873189509,-0.3960862088199235
M1 Chip Announcement,2020,Semiconductors,-17,102.45323288695329,-1.4000518369095105
M1 Chip Announcement,2020,Semiconductors,-16,99.8363912183397,-2.55418164451775
M1 Chip Announcement,2020,Semiconductors,-15,101.15341183680373,1.3191789110082563
M1 Chip Announcement,2020,Semiconductors,-14,100.60250527087359,-0.5446247990319342
M1 Chip Announcement,2020,Semiconductors,-13,99.63841033277076,-0.9583210035445933
M1 Chip Announcement,2020,Semiconductors,-12,99.02721404230877,-0.6134143333085262
M1 Chip Announcement,2020,Semiconductors,-11,99.03583072191623,0.008701324873960914
M1 Chip Announcement,2020,Semiconductors,-10,100.370071183235,1.3472300394644199
M1 Chip Announcement,2020,Semiconductors,-9,95.72172058128729,-4.631211821561553
M1 Chip Announcement,2020,Semiconductors,-8,99.26825129319465,3.7050427952719955
M1 Chip Announcement,2020,Semiconductors,-7,93.70743824898798,-5.6018041738062685
M1 Chip Announcement,2020,Semiconductors,-6,93.62996247250182,-0.08267836356844471
M1 Chip Announcement,2020,Semiconductors,-5,95.06750171640878,1.5353410446246496
M1 Chip Announcement,2020,Semiconductors,-4,98.9497450240027,4.083670273754358
M1 Chip Announcement,2020,Semiconductors,-3,102.46184280838067,3.549375274818556
M1 Chip Announcement,2020,Semiconductors,-2,102.34544667278914,-0.11359949460327812
M1 Chip Announcement,2020,Semiconductors,-1,100.30181356438379,-1.9967992469064888
M1 Chip Announcement,2020,Semiconductors,0,100.0,-0.3009053910975057
M1 Chip Announcement,2020,Semiconductors,1,103.0352676303516,3.0352676303516013
M1 Chip Announcement,2020,Semiconductors,2,102.79383164684074,-0.23432363409490176
M1 Chip Announcement,2020,Semiconductors,3,102.83694883577846,0.04194530765797566
M1 Chip Announcement,2020,Semiconductors,4,103.73373905842196,0.8720505934842526
M1 Chip Announcement,2020,Semiconductors,5,102.94904676883638,-0.7564484773306512
M1 Chip Announcement,2020,Semiconductors,6,101.77632681153186,-1.1391265816552587
M1 Chip Announcement,2020,Semiconductors,7,102.30233624203152,0.5168288608742078
M1 Chip Announcement,2020,Semiconductors,8,101.1813636696323,-1.0957448417865612
M1 Chip Announcement,2020,Semiconductors,9,98.17193931992298,-2.9742872012828436
M1 Chip Announcement,2020,Semiconductors,10,99.31016552607736,1.1594211279101874
M1 Chip Announcement,2020,Semiconductors,11,100.05174738490533,0.7467330810492223
M1 Chip Announcement,2020,Semiconductors,12,100.53463286828719,0.4826357320119268
M1 Chip Announcement,2020,Semiconductors,13,102.65586340042022,2.10995004568435
M1 Chip Announcement,2020,Semiconductors,14,105.82047583940482,3.08273909951029
M1 Chip Announcement,2020,Semiconductors,15,106.13090608339608,0.2933555548005451
M1 Chip Announcement,2020,Semiconductors,16,106.01017795437053,-0.11375397938342413
M1 Chip Announcement,2020,Semiconductors,17,105.41521481247098,-0.5612320942953608
M1 Chip Announcement,2020,Semiconductors,18,106.70862234972054,1.2269647598313727
M1 Chip Announcement,2020,Semiconductors,19,107.25187865579528,0.5091025393377357
M1 Chip Announcement,2020,Semiconductors,20,105.0099267528168,-2.0903614287015038
M1 Chip Announcement,2020,Semiconductors,21,106.26886757163653,1.1988779134977978
M1 Chip Announcement,2020,Semiconductors,22,105.55316954253135,-0.6734785506420593
M1 Chip Announcement,2020,Semiconductors,23,105.0099267528168,-0.5146626975475854
M1 Chip Announcement,2020,Semiconductors,24,110.26991292693198,5.009037085128809
M1 Chip Announcement,2020,Semiconductors,25,110.20954210423912,-0.054748227408929484
M1 Chip Announcement,2020,Semiconductors,26,110.97697400188946,0.6963388859056119
M1 Chip Announcement,2020,Semiconductors,27,109.21791434047292,-1.5850672423151302
M1 Chip Announcement,2020,Semiconductors,28,110.57169270041535,1.2395204286012929
M1 Chip Announcement,2020,Semiconductors,29,113.71907178018506,2.8464600684890096
M1 Chip Announcement,2020,Semiconductors,30,112.92576281099203,-0.6976041544961564
Vision Pro Announcement,2023,Spatial Computing,-30,91.7652500139966,-0.9780910427588663
Vision Pro Announcement,2023,Spatial Computing,-29,91.93763846654171,0.187858097176008
Vision Pro Announcement,2023,Spatial Computing,-28,91.07015775714926,-0.9435533953900177
Vision Pro Announcement,2023,Spatial Computing,-27,91.06458491019247,-0.006119289890405
Vision Pro Announcement,2023,Spatial Computing,-26,93.65039449822405,2.83953371179555
Vision Pro Announcement,2023,Spatial Computing,-25,94.35660664876762,0.7540941544639912
Vision Pro Announcement,2023,Spatial Computing,-24,94.30657142717085,-0.05302778827457333
Vision Pro Announcement,2023,Spatial Computing,-23,93.72267810728573,-0.6191438317063924
Vision Pro Announcement,2023,Spatial Computing,-22,93.11655360008064,-0.6467212839471603
Vision Pro Announcement,2023,Spatial Computing,-21,92.1934390219172,-0.9913538919492759
Vision Pro Announcement,2023,Spatial Computing,-20,96.51978287569051,4.692680845482733
Vision Pro Announcement,2023,Spatial Computing,-19,96.4808589477175,-0.04032740938004764
Vision Pro Announcement,2023,Spatial Computing,-18,95.51884624179844,-0.9971021365391963
Vision Pro Announcement,2023,Spatial Computing,-17,96.51421862880618,1.0420691059102927
Vision Pro Announcement,2023,Spatial Computing,-16,96.61987911910145,0.10947660541258397
Vision Pro Announcement,2023,Spatial Computing,-15,96.09644430863973,-0.5417464969258434
Vision Pro Announcement,2023,Spatial Computing,-14,95.81800836253846,-0.28974635649058333
Vision Pro Announcement,2023,Spatial Computing,-13,95.81800836253846,0.0
Vision Pro Announcement,2023,Spatial Computing,-12,96.16327547175912,0.3603363450368269
Vision Pro Announcement,2023,Spatial Computing,-11,97.47743534487022,1.3665922532942743
Vision Pro Announcement,2023,Spatial Computing,-10,97.53869366103278,0.06284358625752162
Vision Pro Announcement,2023,Spatial Computing,-9,97.00410455658499,-0.5480790078095543
Vision Pro Announcement,2023,Spatial Computing,-8,95.5340167696253,-1.515490291549626
Vision Pro Announcement,2023,Spatial Computing,-7,95.68993608340143,0.16320816296475638
Vision Pro Announcement,2023,Spatial Computing,-6,96.33033187937642,0.6692404887979286
Vision Pro Announcement,2023,Spatial Computing,-5,97.68904012785212,1.4104677332338778
Vision Pro Announcement,2023,Spatial Computing,-4,98.73035410196366,1.06594759529699
Vision Pro Announcement,2023,Spatial Computing,-3,98.70251566739702,-0.028196429375604293
Vision Pro Announcement,2023,Spatial Computing,-2,100.28399159291317,1.6022650636842162
Vision Pro Announcement,2023,Spatial Computing,-1,100.76287802801028,0.4775302892221056
Vision Pro Announcement,2023,Spatial Computing,0,100.0,-0.7571022612099298
Vision Pro Announcement,2023,Spatial Computing,1,99.79395946390244,-0.20604053609756257
Vision Pro Announcement,2023,Spatial Computing,2,99.01993574197856,-0.7756218172742857
Vision Pro Announcement,2023,Spatial Computing,3,100.55128184510083,1.5465028245550183
Vision Pro Announcement,2023,Spatial Computing,4,100.76845087496706,0.21597838026650162
Vision Pro Announcement,2023,Spatial Computing,5,102.34434535345396,1.563876853125623
Vision Pro Announcement,2023,Spatial Computing,6,102.07706370133876,-0.261159179036341
Vision Pro Announcement,2023,Spatial Computing,7,102.43343350411071,0.34911839138971335
Vision Pro Announcement,2023,Spatial Computing,8,103.58056276982191,1.1198777844981134
Vision Pro Announcement,2023,Spatial Computing,9,102.9735954555153,-0.5859857275108626
Vision Pro Announcement,2023,Spatial Computing,10,103.02370807776427,0.04866550694599958
Vision Pro Announcement,2023,Spatial Computing,11,102.43901495113998,-0.5675325976259193
Vision Pro Announcement,2023,Spatial Computing,12,104.13186181506767,1.652541138486252
Vision Pro Announcement,2023,Spatial Computing,13,103.95365111346429,-0.17113945577950096
Vision Pro Announcement,2023,Spatial Computing,14,103.16849889777171,-0.7552906581757113
Vision Pro Announcement,2023,Spatial Computing,15,104.72212778864875,1.5059140216981293
Vision Pro Announcement,2023,Spatial Computing,16,105.38477197208864,0.6327642470913553
Vision Pro Announcement,2023,Spatial Computing,17,105.5741111674607,0.17966466295737948
Vision Pro Announcement,2023,Spatial Computing,18,108.0131175185282,2.3102314801388912
Vision Pro Announcement,2023,Spatial Computing,19,107.17228843370235,-0.7784508994304606
Vision Pro Announcement,2023,Spatial Computing,20,106.54303833164099,-0.5871388128943611
Vision Pro Announcement,2023,Spatial Computing,21,106.81031138368371,0.2508592360683348
Vision Pro Announcement,2023,Spatial Computing,22,106.18106988169482,-0.5891205575916159
Vision Pro Announcement,2023,Spatial Computing,23,105.02838496917175,-1.0855841948168132
Vision Pro Announcement,2023,Spatial Computing,24,104.7332648824899,-0.28099078812692246
Vision Pro Announcement,2023,Spatial Computing,25,105.6743364119586,0.8985411946477395
Vision Pro Announcement,2023,Spatial Computing,26,106.10311882487922,0.4057583207800475
Vision Pro Announcement,2023,Spatial Computing,27,106.18663412857916,0.0787114503559394
Vision Pro Announcement,2023,Spatial Computing,28,108.02427181251429,1.7305734370579806
Vision Pro Announcement,2023,Spatial Computing,29,107.87948099250684,-0.13403545108708892
Vision Pro Announcement,2023,Spatial Computing,30,108.64236762058957,0.7071656454629371
