Date,Price_USD,Cumulative_Return_Pct,Month
2022-01-03,30.06,0.0,2022-01
2022-01-04,29.23,-2.76,2022-01
2022-01-05,27.55,-8.36,2022-01
2022-01-06,28.12,-6.45,2022-01
2022-01-07,27.19,-9.54,2022-01
2022-01-10,27.35,-9.03,2022-01
2022-01-11,27.76,-7.65,2022-01
2022-01-12,27.94,-7.04,2022-01
2022-01-13,26.52,-11.77,2022-01
2022-01-14,26.89,-10.55,2022-01
2022-01-18,25.85,-14.0,2022-01
2022-01-19,25.02,-16.78,2022-01
2022-01-20,24.1,-19.82,2022-01
2022-01-21,23.33,-22.4,2022-01
2022-01-24,23.33,-22.41,2022-01
2022-01-25,22.28,-25.89,2022-01
2022-01-26,22.73,-24.4,2022-01
2022-01-27,21.9,-27.15,2022-01
2022-01-28,22.8,-24.17,2022-01
2022-01-31,24.44,-18.71,2022-01
2022-02-01,24.59,-18.2,2022-02
2022-02-02,25.19,-16.2,2022-02
2022-02-03,23.9,-20.49,2022-02
2022-02-04,24.27,-19.26,2022-02
2022-02-07,24.68,-17.9,2022-02
2022-02-08,25.06,-16.64,2022-02
2022-02-09,26.65,-11.34,2022-02
2022-02-10,25.77,-14.27,2022-02
2022-02-11,23.9,-20.49,2022-02
2022-02-14,24.22,-19.43,2022-02
2022-02-15,26.44,-12.04,2022-02
2022-02-16,26.46,-11.98,2022-02
2022-02-17,24.46,-18.64,2022-02
2022-02-18,23.6,-21.51,2022-02
2022-02-22,23.34,-22.35,2022-02
2022-02-23,22.34,-25.68,2022-02
2022-02-24,23.7,-21.16,2022-02
2022-02-25,24.11,-19.8,2022-02
2022-02-28,24.34,-19.04,2022-02
2022-03-01,23.43,-22.06,2022-03
2022-03-02,24.18,-19.58,2022-03
2022-03-03,23.67,-21.26,2022-03
2022-03-04,22.9,-23.84,2022-03
2022-03-07,21.31,-29.1,2022-03
2022-03-08,21.48,-28.56,2022-03
2022-03-09,22.97,-23.58,2022-03
2022-03-10,22.62,-24.76,2022-03
2022-03-11,22.06,-26.62,2022-03
2022-03-14,21.29,-29.17,2022-03
2022-03-15,22.93,-23.72,2022-03
2022-03-16,24.45,-18.66,2022-03
2022-03-17,24.72,-17.76,2022-03
2022-03-18,26.41,-12.16,2022-03
2022-03-21,26.69,-11.23,2022-03
2022-03-22,26.48,-11.93,2022-03
2022-03-23,25.59,-14.88,2022-03
2022-03-24,28.1,-6.53,2022-03
2022-03-25,27.64,-8.05,2022-03
2022-03-28,28.17,-6.3,2022-03
2022-03-29,28.61,-4.85,2022-03
2022-03-30,27.64,-8.06,2022-03
2022-03-31,27.24,-9.4,2022-03
2022-04-01,26.66,-11.3,2022-04
2022-04-04,27.31,-9.15,2022-04
2022-04-05,25.89,-13.9,2022-04
2022-04-06,24.36,-18.96,2022-04
2022-04-07,24.17,-19.62,2022-04
2022-04-08,23.08,-23.23,2022-04
2022-04-11,21.88,-27.22,2022-04
2022-04-12,21.47,-28.6,2022-04
2022-04-13,22.16,-26.27,2022-04
2022-04-14,21.22,-29.41,2022-04
2022-04-18,21.74,-27.67,2022-04
2022-04-19,22.16,-26.29,2022-04
2022-04-20,21.44,-28.67,2022-04
2022-04-21,20.15,-32.98,2022-04
2022-04-22,19.48,-35.2,2022-04
2022-04-25,19.87,-33.92,2022-04
2022-04-26,18.75,-37.61,2022-04
2022-04-27,18.38,-38.85,2022-04
2022-04-28,19.75,-34.31,2022-04
2022-04-29,18.51,-38.41,2022-04
2022-05-02,19.5,-35.14,2022-05
2022-05-03,19.57,-34.91,2022-05
2022-05-04,20.3,-32.48,2022-05
2022-05-05,18.81,-37.43,2022-05
2022-05-06,18.64,-37.99,2022-05
2022-05-09,16.92,-43.72,2022-05
2022-05-10,17.56,-41.58,2022-05
2022-05-11,16.6,-44.78,2022-05
2022-05-12,16.15,-46.29,2022-05
2022-05-13,17.67,-41.21,2022-05
2022-05-16,17.23,-42.67,2022-05
2022-05-17,18.14,-39.64,2022-05
2022-05-18,16.91,-43.76,2022-05
2022-05-19,17.09,-43.14,2022-05
2022-05-20,16.66,-44.57,2022-05
2022-05-23,16.87,-43.89,2022-05
2022-05-24,16.13,-46.36,2022-05
2022-05-25,16.95,-43.63,2022-05
2022-05-26,17.82,-40.73,2022-05
2022-05-27,18.78,-37.54,2022-05
2022-05-31,18.64,-38.0,2022-05
2022-06-01,18.29,-39.17,2022-06
2022-06-02,19.56,-34.94,2022-06
2022-06-03,18.69,-37.84,2022-06
2022-06-06,18.75,-37.62,2022-06
2022-06-07,18.89,-37.16,2022-06
2022-06-08,18.62,-38.07,2022-06
2022-06-09,18.02,-40.06,2022-06
2022-06-10,16.95,-43.63,2022-06
2022-06-13,15.62,-48.03,2022-06
2022-06-14,15.81,-47.41,2022-06
2022-06-15,16.5,-45.11,2022-06
2022-06-16,15.58,-48.19,2022-06
2022-06-17,15.86,-47.26,2022-06
2022-06-21,16.54,-44.98,2022-06
2022-06-22,16.33,-45.66,2022-06
2022-06-23,16.2,-46.11,2022-06
2022-06-24,17.1,-43.12,2022-06
2022-06-27,16.84,-43.97,2022-06
2022-06-28,15.96,-46.92,2022-06
2022-06-29,15.52,-48.38,2022-06
2022-06-30,15.14,-49.65,2022-06
2022-07-01,14.5,-51.77,2022-07
2022-07-05,14.94,-50.3,2022-07
2022-07-06,15.11,-49.75,2022-07
2022-07-07,15.83,-47.33,2022-07
2022-07-08,15.81,-47.4,2022-07
2022-07-11,15.13,-49.68,2022-07
2022-07-12,15.06,-49.91,2022-07
2022-07-13,15.14,-49.64,2022-07
2022-07-14,15.35,-48.95,2022-07
2022-07-15,15.74,-47.65,2022-07
2022-07-18,16.08,-46.53,2022-07
2022-07-19,16.97,-43.57,2022-07
2022-07-20,17.78,-40.86,2022-07
2022-07-21,18.02,-40.05,2022-07
2022-07-22,17.29,-42.48,2022-07
2022-07-25,17.0,-43.46,2022-07
2022-07-26,16.51,-45.09,2022-07
2022-07-27,17.76,-40.92,2022-07
2022-07-28,17.96,-40.27,2022-07
2022-07-29,18.13,-39.68,2022-07
2022-08-01,18.41,-38.75,2022-08
2022-08-02,18.5,-38.47,2022-08
2022-08-03,18.86,-37.25,2022-08
2022-08-04,19.19,-36.18,2022-08
2022-08-05,18.96,-36.93,2022-08
2022-08-08,17.77,-40.91,2022-08
2022-08-09,17.06,-43.25,2022-08
2022-08-10,18.07,-39.9,2022-08
2022-08-11,17.91,-40.41,2022-08
2022-08-12,18.68,-37.86,2022-08
2022-08-15,19.0,-36.79,2022-08
2022-08-16,18.85,-37.3,2022-08
2022-08-17,18.31,-39.11,2022-08
2022-08-18,18.74,-37.65,2022-08
2022-08-19,17.82,-40.72,2022-08
2022-08-22,17.01,-43.43,2022-08
2022-08-23,17.15,-42.94,2022-08
2022-08-24,17.2,-42.8,2022-08
2022-08-25,17.89,-40.51,2022-08
2022-08-26,16.23,-46.0,2022-08
2022-08-29,15.78,-47.52,2022-08
2022-08-30,15.44,-48.63,2022-08
2022-08-31,15.07,-49.87,2022-08
2022-09-01,13.92,-53.71,2022-09
2022-09-02,13.63,-54.68,2022-09
2022-09-06,13.44,-55.28,2022-09
2022-09-07,13.7,-54.44,2022-09
2022-09-08,13.97,-53.52,2022-09
2022-09-09,14.37,-52.2,2022-09
2022-09-12,14.49,-51.81,2022-09
2022-09-13,13.11,-56.38,2022-09
2022-09-14,13.11,-56.39,2022-09
2022-09-15,12.91,-57.05,2022-09
2022-09-16,13.18,-56.15,2022-09
2022-09-19,13.37,-55.54,2022-09
2022-09-20,13.16,-56.23,2022-09
2022-09-21,13.24,-55.94,2022-09
2022-09-22,12.55,-58.27,2022-09
2022-09-23,12.5,-58.42,2022-09
2022-09-26,12.21,-59.38,2022-09
2022-09-27,12.4,-58.76,2022-09
2022-09-28,12.72,-57.69,2022-09
2022-09-29,12.2,-59.4,2022-09
2022-09-30,12.12,-59.67,2022-09
2022-10-03,12.5,-58.43,2022-10
2022-10-04,13.15,-56.26,2022-10
2022-10-05,13.19,-56.12,2022-10
2022-10-06,13.11,-56.38,2022-10
2022-10-07,12.06,-59.88,2022-10
2022-10-10,11.66,-61.23,2022-10
2022-10-11,11.57,-61.51,2022-10
2022-10-12,11.49,-61.79,2022-10
2022-10-13,11.94,-60.27,2022-10
2022-10-14,11.21,-62.7,2022-10
2022-10-17,11.87,-60.51,2022-10
2022-10-18,11.95,-60.24,2022-10
2022-10-19,12.04,-59.96,2022-10
2022-10-20,12.18,-59.49,2022-10
2022-10-21,12.45,-58.59,2022-10
2022-10-24,12.58,-58.14,2022-10
2022-10-25,13.24,-55.94,2022-10
2022-10-26,12.88,-57.16,2022-10
2022-10-27,13.16,-56.23,2022-10
2022-10-28,13.82,-54.04,2022-10
2022-10-31,13.48,-55.16,2022-10
2022-11-01,13.53,-55.01,2022-11
2022-11-02,13.2,-56.08,2022-11
2022-11-03,13.4,-55.41,2022-11
2022-11-04,14.14,-52.97,2022-11
2022-11-07,14.28,-52.49,2022-11
2022-11-08,14.58,-51.49,2022-11
2022-11-09,13.76,-54.23,2022-11
2022-11-10,15.73,-47.68,2022-11
2022-11-11,16.31,-45.76,2022-11
2022-11-14,16.27,-45.86,2022-11
2022-11-15,16.65,-44.63,2022-11
2022-11-16,15.89,-47.14,2022-11
2022-11-17,15.66,-47.92,2022-11
2022-11-18,15.39,-48.81,2022-11
2022-11-21,15.3,-49.11,2022-11
2022-11-22,16.02,-46.72,2022-11
2022-11-23,16.5,-45.12,2022-11
2022-11-25,16.25,-45.95,2022-11
2022-11-28,15.81,-47.42,2022-11
2022-11-29,15.62,-48.04,2022-11
2022-11-30,16.91,-43.76,2022-11
2022-12-01,17.12,-43.06,2022-12
2022-12-02,16.86,-43.92,2022-12
2022-12-05,16.59,-44.8,2022-12
2022-12-06,15.97,-46.87,2022-12
2022-12-07,16.1,-46.43,2022-12
2022-12-08,17.15,-42.95,2022-12
2022-12-09,16.98,-43.5,2022-12
2022-12-12,17.52,-41.73,2022-12
2022-12-13,18.05,-39.95,2022-12
2022-12-14,17.66,-41.27,2022-12
2022-12-15,16.94,-43.67,2022-12
2022-12-16,16.55,-44.93,2022-12
2022-12-19,16.24,-45.99,2022-12
2022-12-20,16.07,-46.55,2022-12
2022-12-21,16.48,-45.17,2022-12
2022-12-22,15.32,-49.03,2022-12
2022-12-23,15.19,-49.47,2022-12
2022-12-27,14.11,-53.08,2022-12
2022-12-28,14.02,-53.36,2022-12
2022-12-29,14.59,-51.47,2022-12
2022-12-30,14.6,-51.44,2022-12
2023-01-03,14.3,-52.43,2023-01
2023-01-04,14.73,-50.99,2023-01
2023-01-05,14.25,-52.6,2023-01
2023-01-06,14.84,-50.62,2023-01
2023-01-09,15.61,-48.07,2023-01
2023-01-10,15.89,-47.13,2023-01
2023-01-11,15.98,-46.83,2023-01
2023-01-12,16.49,-45.13,2023-01
2023-01-13,16.88,-43.84,2023-01
2023-01-17,17.68,-41.18,2023-01
2023-01-18,17.36,-42.26,2023-01
2023-01-19,16.75,-44.29,2023-01
2023-01-20,17.82,-40.72,2023-01
2023-01-23,19.17,-36.22,2023-01
2023-01-24,19.25,-35.98,2023-01
2023-01-25,19.3,-35.79,2023-01
2023-01-26,19.78,-34.2,2023-01
2023-01-27,20.34,-32.33,2023-01
2023-01-30,19.14,-36.32,2023-01
2023-01-31,19.52,-35.08,2023-01
2023-02-01,20.92,-30.41,2023-02
2023-02-02,21.69,-27.86,2023-02
2023-02-03,21.08,-29.88,2023-02
2023-02-06,21.07,-29.92,2023-02
2023-02-07,22.15,-26.32,2023-02
2023-02-08,22.18,-26.21,2023-02
2023-02-09,22.31,-25.77,2023-02
2023-02-10,21.24,-29.34,2023-02
2023-02-13,21.77,-27.6,2023-02
2023-02-14,22.95,-23.67,2023-02
2023-02-15,22.74,-24.35,2023-02
2023-02-16,21.98,-26.89,2023-02
2023-02-17,21.37,-28.93,2023-02
2023-02-21,20.63,-31.36,2023-02
2023-02-22,20.73,-31.03,2023-02
2023-02-23,23.64,-21.36,2023-02
2023-02-24,23.26,-22.62,2023-02
2023-02-27,23.48,-21.91,2023-02
2023-02-28,23.19,-22.85,2023-02
2023-03-01,22.68,-24.57,2023-03
2023-03-02,23.29,-22.53,2023-03
2023-03-03,23.87,-20.61,2023-03
2023-03-06,23.53,-21.73,2023-03
2023-03-07,23.27,-22.6,2023-03
2023-03-08,24.16,-19.63,2023-03
2023-03-09,23.42,-22.11,2023-03
2023-03-10,22.95,-23.67,2023-03
2023-03-13,22.95,-23.67,2023-03
2023-03-14,24.04,-20.02,2023-03
2023-03-15,24.21,-19.48,2023-03
2023-03-16,25.52,-15.11,2023-03
2023-03-17,25.7,-14.5,2023-03
2023-03-20,25.88,-13.92,2023-03
2023-03-21,26.18,-12.92,2023-03
2023-03-22,26.45,-12.03,2023-03
2023-03-23,27.17,-9.63,2023-03
2023-03-24,26.76,-11.0,2023-03
2023-03-27,26.51,-11.82,2023-03
2023-03-28,26.39,-12.22,2023-03
2023-03-29,26.96,-10.32,2023-03
2023-03-30,27.36,-8.99,2023-03
2023-03-31,27.75,-7.68,2023-03
2023-04-03,27.94,-7.06,2023-04
2023-04-04,27.43,-8.76,2023-04
2023-04-05,26.86,-10.66,2023-04
2023-04-06,27.01,-10.14,2023-04
2023-04-10,27.56,-8.34,2023-04
2023-04-11,27.15,-9.7,2023-04
2023-04-12,26.47,-11.94,2023-04
2023-04-13,26.44,-12.05,2023-04
2023-04-14,26.74,-11.07,2023-04
2023-04-17,26.98,-10.26,2023-04
2023-04-18,27.64,-8.05,2023-04
2023-04-19,27.91,-7.17,2023-04
2023-04-20,27.08,-9.92,2023-04
2023-04-21,27.1,-9.87,2023-04
2023-04-24,27.02,-10.12,2023-04
2023-04-25,26.22,-12.79,2023-04
2023-04-26,26.93,-10.41,2023-04
2023-04-27,27.2,-9.51,2023-04
2023-04-28,27.73,-7.77,2023-04
2023-05-01,28.89,-3.91,2023-05
2023-05-02,28.19,-6.24,2023-05
2023-05-03,27.78,-7.6,2023-05
2023-05-04,27.54,-8.39,2023-05
2023-05-05,28.66,-4.68,2023-05
2023-05-08,29.13,-3.11,2023-05
2023-05-09,28.55,-5.04,2023-05
2023-05-10,28.86,-4.0,2023-05
2023-05-11,28.55,-5.02,2023-05
2023-05-12,28.32,-5.81,2023-05
2023-05-15,28.93,-3.77,2023-05
2023-05-16,29.19,-2.91,2023-05
2023-05-17,30.15,0.3,2023-05
2023-05-18,31.65,5.29,2023-05
2023-05-19,31.24,3.91,2023-05
2023-05-22,31.15,3.62,2023-05
2023-05-23,30.66,2.0,2023-05
2023-05-24,30.51,1.5,2023-05
2023-05-25,37.95,26.23,2023-05
2023-05-26,38.91,29.44,2023-05
2023-05-30,40.08,33.31,2023-05
2023-05-31,37.8,25.75,2023-05
2023-06-01,39.74,32.18,2023-06
2023-06-02,39.29,30.71,2023-06
2023-06-05,39.14,30.19,2023-06
2023-06-06,38.62,28.47,2023-06
2023-06-07,37.45,24.57,2023-06
2023-06-08,38.48,28.01,2023-06
2023-06-09,38.74,28.87,2023-06
2023-06-12,39.45,31.24,2023-06
2023-06-13,40.99,36.36,2023-06
2023-06-14,42.97,42.92,2023-06
2023-06-15,42.62,41.78,2023-06
2023-06-16,42.66,41.91,2023-06
2023-06-20,43.78,45.62,2023-06
2023-06-21,43.01,43.08,2023-06
2023-06-22,42.99,43.01,2023-06
2023-06-23,42.18,40.3,2023-06
2023-06-26,40.6,35.06,2023-06
2023-06-27,41.85,39.19,2023-06
2023-06-28,41.09,36.67,2023-06
2023-06-29,40.79,35.69,2023-06
2023-06-30,42.27,40.61,2023-06
2023-07-03,42.38,40.98,2023-07
2023-07-05,42.29,40.66,2023-07
2023-07-06,42.07,39.95,2023-07
2023-07-07,42.47,41.28,2023-07
2023-07-10,42.15,40.2,2023-07
2023-07-11,42.37,40.95,2023-07
2023-07-12,43.87,45.93,2023-07
2023-07-13,45.94,52.83,2023-07
2023-07-14,45.44,51.14,2023-07
2023-07-17,46.43,54.43,2023-07
2023-07-18,47.46,57.87,2023-07
2023-07-19,47.04,56.48,2023-07
2023-07-20,45.49,51.31,2023-07
2023-07-21,44.28,47.28,2023-07
2023-07-24,44.58,48.29,2023-07
2023-07-25,45.65,51.84,2023-07
2023-07-26,45.42,51.08,2023-07
2023-07-27,45.87,52.57,2023-07
2023-07-28,46.72,55.39,2023-07
2023-07-31,46.7,55.33,2023-07
2023-08-01,46.47,54.59,2023-08
2023-08-02,44.24,47.15,2023-08
2023-08-03,44.48,47.97,2023-08
2023-08-04,44.65,48.51,2023-08
2023-08-07,45.38,50.96,2023-08
2023-08-08,44.63,48.46,2023-08
2023-08-09,42.52,41.45,2023-08
2023-08-10,42.36,40.9,2023-08
2023-08-11,40.83,35.8,2023-08
2023-08-14,43.72,45.43,2023-08
2023-08-15,43.91,46.05,2023-08
2023-08-16,43.45,44.55,2023-08
2023-08-17,43.31,44.07,2023-08
2023-08-18,43.27,43.92,2023-08
2023-08-21,46.93,56.12,2023-08
2023-08-22,45.63,51.8,2023-08
2023-08-23,47.08,56.61,2023-08
2023-08-24,47.13,56.77,2023-08
2023-08-25,45.98,52.96,2023-08
2023-08-28,46.8,55.68,2023-08
2023-08-29,48.75,62.16,2023-08
2023-08-30,49.23,63.75,2023-08
2023-08-31,49.32,64.05,2023-08
2023-09-01,48.47,61.24,2023-09
2023-09-05,48.51,61.37,2023-09
2023-09-06,47.03,56.44,2023-09
2023-09-07,46.21,53.72,2023-09
2023-09-08,45.54,51.49,2023-09
2023-09-11,45.15,50.18,2023-09
2023-09-12,44.84,49.16,2023-09
2023-09-13,45.46,51.2,2023-09
2023-09-14,45.55,51.52,2023-09
2023-09-15,43.87,45.93,2023-09
2023-09-18,43.94,46.15,2023-09
2023-09-19,43.49,44.67,2023-09
2023-09-20,42.21,40.41,2023-09
2023-09-21,40.99,36.35,2023-09
2023-09-22,41.58,38.32,2023-09
2023-09-25,42.19,40.36,2023-09
2023-09-26,41.88,39.32,2023-09
2023-09-27,42.44,41.17,2023-09
2023-09-28,43.06,43.24,2023-09
2023-09-29,43.47,44.6,2023-09
2023-10-02,44.75,48.87,2023-10
2023-10-03,43.49,44.66,2023-10
2023-10-04,44.01,46.4,2023-10
2023-10-05,44.66,48.55,2023-10
2023-10-06,45.73,52.12,2023-10
2023-10-09,45.24,50.5,2023-10
2023-10-10,45.77,52.24,2023-10
2023-10-11,46.78,55.59,2023-10
2023-10-12,46.91,56.06,2023-10
2023-10-13,45.43,51.12,2023-10
2023-10-16,46.07,53.23,2023-10
2023-10-17,43.91,46.06,2023-10
2023-10-18,42.17,40.27,2023-10
2023-10-19,42.07,39.95,2023-10
2023-10-20,41.36,37.58,2023-10
2023-10-23,42.95,42.86,2023-10
2023-10-24,43.63,45.15,2023-10
2023-10-25,41.75,38.88,2023-10
2023-10-26,40.3,34.05,2023-10
2023-10-27,40.47,34.63,2023-10
2023-10-30,41.13,36.83,2023-10
2023-10-31,40.75,35.56,2023-10
2023-11-01,42.3,40.7,2023-11
2023-11-02,43.48,44.62,2023-11
2023-11-03,44.98,49.61,2023-11
2023-11-06,45.72,52.09,2023-11
2023-11-07,45.93,52.76,2023-11
2023-11-08,46.54,54.82,2023-11
2023-11-09,46.92,56.07,2023-11
2023-11-10,48.3,60.68,2023-11
2023-11-13,48.59,61.62,2023-11
2023-11-14,49.62,65.07,2023-11
2023-11-15,48.86,62.51,2023-11
2023-11-16,49.45,64.48,2023-11
2023-11-17,49.27,63.88,2023-11
2023-11-20,50.38,67.57,2023-11
2023-11-21,49.91,66.03,2023-11
2023-11-22,48.68,61.94,2023-11
2023-11-24,47.75,58.82,2023-11
2023-11-27,48.21,60.37,2023-11
2023-11-28,47.79,58.97,2023-11
2023-11-29,48.11,60.03,2023-11
2023-11-30,46.74,55.47,2023-11
2023-12-01,46.73,55.46,2023-12
2023-12-04,45.48,51.29,2023-12
2023-12-05,46.54,54.81,2023-12
2023-12-06,45.48,51.28,2023-12
2023-12-07,46.57,54.91,2023-12
2023-12-08,47.48,57.93,2023-12
2023-12-11,46.6,55.01,2023-12
2023-12-12,47.63,58.44,2023-12
2023-12-13,48.06,59.87,2023-12
2023-12-14,48.32,60.74,2023-12
2023-12-15,48.86,62.54,2023-12
2023-12-18,50.05,66.48,2023-12
2023-12-19,49.58,64.91,2023-12
2023-12-20,48.08,59.95,2023-12
2023-12-21,48.96,62.87,2023-12
2023-12-22,48.8,62.34,2023-12
2023-12-26,49.25,63.83,2023-12
2023-12-27,49.39,64.29,2023-12
2023-12-28,49.49,64.64,2023-12
2023-12-29,49.49,64.64,2023-12
2024-01-02,48.14,60.14,2024-01
2024-01-03,47.54,58.14,2024-01
2024-01-04,47.97,59.57,2024-01
2024-01-05,49.07,63.22,2024-01
2024-01-08,52.22,73.72,2024-01
2024-01-09,53.11,76.67,2024-01
2024-01-10,54.32,80.69,2024-01
2024-01-11,54.79,82.26,2024-01
2024-01-12,54.68,81.88,2024-01
2024-01-16,56.35,87.44,2024-01
2024-01-17,56.02,86.35,2024-01
2024-01-18,57.08,89.85,2024-01
2024-01-19,59.46,97.78,2024-01
2024-01-22,59.62,98.32,2024-01
2024-01-23,59.84,99.05,2024-01
2024-01-24,61.33,104.0,2024-01
2024-01-25,61.58,104.85,2024-01
2024-01-26,61.0,102.9,2024-01
2024-01-29,62.43,107.67,2024-01
2024-01-30,62.74,108.69,2024-01
2024-01-31,61.49,104.55,2024-01
2024-02-01,62.99,109.53,2024-02
2024-02-02,66.12,119.95,2024-02
2024-02-05,69.29,130.5,2024-02
2024-02-06,68.19,126.81,2024-02
2024-02-07,70.06,133.05,2024-02
2024-02-08,69.6,131.52,2024-02
2024-02-09,72.09,139.81,2024-02
2024-02-12,72.21,140.19,2024-02
2024-02-13,72.09,139.79,2024-02
2024-02-14,73.86,145.68,2024-02
2024-02-15,72.62,141.55,2024-02
2024-02-16,72.57,141.4,2024-02
2024-02-20,69.41,130.89,2024-02
2024-02-21,67.43,124.31,2024-02
2024-02-22,78.49,161.1,2024-02
2024-02-23,78.77,162.03,2024-02
2024-02-26,79.05,162.94,2024-02
2024-02-27,78.66,161.64,2024-02
2024-02-28,77.62,158.19,2024-02
2024-02-29,79.07,163.01,2024-02
2024-03-01,82.23,173.54,2024-03
2024-03-04,85.19,183.37,2024-03
2024-03-05,85.92,185.8,2024-03
2024-03-06,88.65,194.9,2024-03
2024-03-07,92.62,208.09,2024-03
2024-03-08,87.48,191.0,2024-03
2024-03-11,85.73,185.17,2024-03
2024-03-12,91.87,205.58,2024-03
2024-03-13,90.84,202.17,2024-03
2024-03-14,87.9,192.39,2024-03
2024-03-15,87.79,192.03,2024-03
2024-03-18,88.41,194.08,2024-03
2024-03-19,89.35,197.22,2024-03
2024-03-20,90.33,200.46,2024-03
2024-03-21,91.39,203.99,2024-03
2024-03-22,94.24,213.48,2024-03
2024-03-25,94.95,215.85,2024-03
2024-03-26,92.51,207.74,2024-03
2024-03-27,90.2,200.05,2024-03
2024-03-28,90.31,200.4,2024-03
2024-04-01,90.32,200.43,2024-04
2024-04-02,89.41,197.4,2024-04
2024-04-03,88.92,195.78,2024-04
2024-04-04,85.86,185.61,2024-04
2024-04-05,87.96,192.6,2024-04
2024-04-08,87.09,189.69,2024-04
2024-04-09,85.31,183.77,2024-04
2024-04-10,86.99,189.38,2024-04
2024-04-11,90.57,201.27,2024-04
2024-04-12,88.14,193.19,2024-04
2024-04-15,85.96,185.93,2024-04
2024-04-16,87.37,190.63,2024-04
2024-04-17,83.99,179.39,2024-04
2024-04-18,84.63,181.5,2024-04
2024-04-19,76.16,153.34,2024-04
2024-04-22,79.48,164.37,2024-04
2024-04-23,82.38,174.03,2024-04
2024-04-24,79.64,164.9,2024-04
2024-04-25,82.59,174.72,2024-04
2024-04-26,87.69,191.69,2024-04
2024-04-29,87.71,191.76,2024-04
2024-04-30,86.36,187.26,2024-04
2024-05-01,83.0,176.08,2024-05
2024-05-02,85.77,185.31,2024-05
2024-05-03,88.74,195.19,2024-05
2024-05-06,92.09,206.34,2024-05
2024-05-07,90.51,201.06,2024-05
2024-05-08,90.37,200.59,2024-05
2024-05-09,88.7,195.06,2024-05
2024-05-10,89.83,198.82,2024-05
2024-05-13,90.35,200.55,2024-05
2024-05-14,91.31,203.73,2024-05
2024-05-15,94.58,214.61,2024-05
2024-05-16,94.31,213.71,2024-05
2024-05-17,92.43,207.46,2024-05
2024-05-20,94.73,215.11,2024-05
2024-05-21,95.34,217.13,2024-05
2024-05-22,94.9,215.68,2024-05
2024-05-23,103.75,245.1,2024-05
2024-05-24,106.41,253.98,2024-05
2024-05-28,113.84,278.68,2024-05
2024-05-29,114.77,281.76,2024-05
2024-05-30,110.44,267.38,2024-05
2024-05-31,109.58,264.49,2024-05
2024-06-03,114.94,282.34,2024-06
2024-06-04,116.38,287.12,2024-06
2024-06-05,122.38,307.07,2024-06
2024-06-06,120.94,302.28,2024-06
2024-06-07,120.83,301.91,2024-06
2024-06-10,121.73,304.91,2024-06
2024-06-11,120.86,302.02,2024-06
2024-06-12,125.15,316.28,2024-06
2024-06-13,129.55,330.95,2024-06
2024-06-14,131.82,338.49,2024-06
2024-06-17,130.92,335.5,2024-06
2024-06-18,135.52,350.8,2024-06
2024-06-20,130.72,334.84,2024-06
2024-06-21,126.52,320.84,2024-06
2024-06-24,118.06,292.71,2024-06
2024-06-25,126.04,319.24,2024-06
2024-06-26,126.35,320.27,2024-06
2024-06-27,123.94,312.26,2024-06
2024-06-28,123.49,310.76,2024-06
2024-07-01,124.25,313.29,2024-07
2024-07-02,122.62,307.87,2024-07
2024-07-03,128.23,326.52,2024-07
2024-07-05,125.78,318.38,2024-07
2024-07-08,128.15,326.26,2024-07
2024-07-09,131.32,336.83,2024-07
2024-07-10,134.85,348.57,2024-07
2024-07-11,127.35,323.6,2024-07
2024-07-12,129.18,329.72,2024-07
2024-07-15,128.39,327.06,2024-07
2024-07-16,126.31,320.14,2024-07
2024-07-17,117.94,292.31,2024-07
2024-07-18,121.04,302.62,2024-07
2024-07-19,117.88,292.11,2024-07
2024-07-22,123.49,310.76,2024-07
2024-07-23,122.54,307.61,2024-07
2024-07-24,114.2,279.88,2024-07
2024-07-25,112.23,273.33,2024-07
2024-07-26,113.01,275.92,2024-07
2024-07-29,111.54,271.03,2024-07
2024-07-30,103.69,244.9,2024-07
2024-07-31,116.97,289.09,2024-07
2024-08-01,109.16,263.12,2024-08
2024-08-02,107.22,256.67,2024-08
2024-08-05,100.41,233.99,2024-08
2024-08-06,104.21,246.63,2024-08
2024-08-07,98.87,228.87,2024-08
2024-08-08,104.93,249.02,2024-08
2024-08-09,104.71,248.29,2024-08
2024-08-12,108.97,262.49,2024-08
2024-08-13,116.09,286.16,2024-08
2024-08-14,118.03,292.61,2024-08
2024-08-15,122.81,308.5,2024-08
2024-08-16,124.53,314.22,2024-08
2024-08-19,129.94,332.24,2024-08
2024-08-20,127.2,323.1,2024-08
2024-08-21,128.45,327.26,2024-08
2024-08-22,123.69,311.43,2024-08
2024-08-23,129.31,330.15,2024-08
2024-08-26,126.41,320.47,2024-08
2024-08-27,128.25,326.59,2024-08
2024-08-28,125.56,317.65,2024-08
2024-08-29,117.54,290.98,2024-08
2024-08-30,119.32,296.9,2024-08
2024-09-03,107.95,259.09,2024-09
2024-09-04,106.16,253.14,2024-09
2024-09-05,107.16,256.47,2024-09
2024-09-06,102.79,241.9,2024-09
2024-09-09,106.42,254.01,2024-09
2024-09-10,108.05,259.43,2024-09
2024-09-11,116.86,288.72,2024-09
2024-09-12,119.1,296.17,2024-09
2024-09-13,119.06,296.04,2024-09
2024-09-16,116.74,288.32,2024-09
2024-09-17,115.55,284.36,2024-09
2024-09-18,113.33,276.98,2024-09
2024-09-19,117.83,291.95,2024-09
2024-09-20,115.96,285.73,2024-09
2024-09-23,116.22,286.59,2024-09
2024-09-24,120.83,301.92,2024-09
2024-09-25,123.47,310.7,2024-09
2024-09-26,124.0,312.46,2024-09
2024-09-27,121.36,303.68,2024-09
2024-09-30,121.4,303.82,2024-09
2024-10-01,116.96,289.05,2024-10
2024-10-02,118.81,295.2,2024-10
2024-10-03,122.81,308.51,2024-10
2024-10-04,124.88,315.39,2024-10
2024-10-07,127.68,324.7,2024-10
2024-10-08,132.84,341.89,2024-10
2024-10-09,132.6,341.09,2024-10
2024-10-10,134.76,348.27,2024-10
2024-10-11,134.75,348.24,2024-10
2024-10-14,138.02,359.12,2024-10
2024-10-15,131.55,337.6,2024-10
2024-10-16,135.67,351.3,2024-10
2024-10-17,136.88,355.32,2024-10
2024-10-18,137.95,358.88,2024-10
2024-10-21,143.66,377.87,2024-10
2024-10-22,143.54,377.47,2024-10
2024-10-23,139.51,364.07,2024-10
2024-10-24,140.36,366.9,2024-10
2024-10-25,141.49,370.65,2024-10
2024-10-28,140.47,367.26,2024-10
2024-10-29,141.2,369.69,2024-10
2024-10-30,139.29,363.34,2024-10
2024-10-31,132.71,341.46,2024-10
2024-11-01,135.35,350.24,2024-11
2024-11-04,136.0,352.4,2024-11
2024-11-05,139.86,365.23,2024-11
2024-11-06,145.56,384.19,2024-11
2024-11-07,148.83,395.06,2024-11
2024-11-08,147.58,390.9,2024-11
2024-11-11,145.21,383.02,2024-11
2024-11-12,148.24,393.1,2024-11
2024-11-13,146.22,386.38,2024-11
2024-11-14,146.71,388.01,2024-11
2024-11-15,141.93,372.12,2024-11
2024-11-18,140.1,366.03,2024-11
2024-11-19,146.96,388.84,2024-11
2024-11-20,145.84,385.12,2024-11
2024-11-21,146.62,387.71,2024-11
2024-11-22,141.9,372.02,2024-11
2024-11-25,135.97,352.3,2024-11
2024-11-26,136.87,355.29,2024-11
2024-11-27,135.29,350.04,2024-11
2024-11-29,138.2,359.71,2024-11
2024-12-02,138.58,360.98,2024-12
2024-12-03,140.21,366.4,2024-12
2024-12-04,145.09,382.62,2024-12
2024-12-05,145.02,382.39,2024-12
2024-12-06,142.4,373.68,2024-12
2024-12-09,138.77,361.61,2024-12
2024-12-10,135.03,349.17,2024-12
2024-12-11,139.27,363.27,2024-12
2024-12-12,137.3,356.72,2024-12
2024-12-13,134.21,346.44,2024-12
2024-12-16,131.96,338.96,2024-12
2024-12-17,130.35,333.61,2024-12
2024-12-18,128.87,328.69,2024-12
2024-12-19,130.64,334.57,2024-12
2024-12-20,134.66,347.94,2024-12
2024-12-23,139.63,364.47,2024-12
2024-12-24,140.18,366.3,2024-12
2024-12-26,139.89,365.33,2024-12
2024-12-27,136.97,355.62,2024-12
2024-12-30,137.45,357.22,2024-12
2024-12-31,134.25,346.58,2024-12
2025-01-02,138.27,359.94,2025-01
2025-01-03,144.43,380.43,2025-01
2025-01-06,149.39,396.92,2025-01
2025-01-07,140.1,366.03,2025-01
2025-01-08,140.07,365.93,2025-01
2025-01-10,135.87,351.96,2025-01
2025-01-13,133.19,343.05,2025-01
2025-01-14,131.72,338.16,2025-01
2025-01-15,136.2,353.06,2025-01
2025-01-16,133.53,344.18,2025-01
2025-01-17,137.67,357.95,2025-01
2025-01-21,140.79,368.33,2025-01
2025-01-22,147.03,389.08,2025-01
2025-01-23,147.18,389.57,2025-01
2025-01-24,142.58,374.28,2025-01
2025-01-27,118.39,293.8,2025-01
2025-01-28,128.95,328.95,2025-01
2025-01-29,123.67,311.36,2025-01
2025-01-30,124.62,314.52,2025-01
2025-01-31,120.04,299.29,2025-01
2025-02-03,116.63,287.95,2025-02
2025-02-04,118.62,294.57,2025-02
2025-02-05,124.8,315.12,2025-02
2025-02-06,128.64,327.92,2025-02
2025-02-07,129.8,331.78,2025-02
2025-02-10,133.53,344.18,2025-02
2025-02-11,132.76,341.62,2025-02
2025-02-12,131.1,336.1,2025-02
2025-02-13,135.25,349.9,2025-02
2025-02-14,138.81,361.74,2025-02
2025-02-18,139.36,363.57,2025-02
2025-02-19,139.19,363.0,2025-02
2025-02-20,140.07,365.93,2025-02
2025-02-21,134.39,347.04,2025-02
2025-02-24,130.24,333.24,2025-02
2025-02-25,126.6,321.1,2025-02
2025-02-26,131.24,336.57,2025-02
2025-02-27,120.12,299.55,2025-02
2025-02-28,124.89,315.42,2025-02
2025-03-03,114.03,279.3,2025-03
2025-03-04,115.96,285.72,2025-03
2025-03-05,117.27,290.08,2025-03
2025-03-06,110.54,267.7,2025-03
2025-03-07,112.66,274.75,2025-03
2025-03-10,106.95,255.76,2025-03
2025-03-11,108.73,261.68,2025-03
2025-03-12,115.72,284.92,2025-03
2025-03-13,115.56,284.39,2025-03
2025-03-14,121.65,304.65,2025-03
2025-03-17,119.51,297.53,2025-03
2025-03-18,115.41,283.89,2025-03
2025-03-19,117.5,290.84,2025-03
2025-03-20,118.51,294.2,2025-03
2025-03-21,117.68,291.44,2025-03
2025-03-24,121.39,303.78,2025-03
2025-03-25,120.67,301.39,2025-03
2025-03-26,113.74,278.34,2025-03
2025-03-27,111.41,270.59,2025-03
2025-03-28,109.65,264.74,2025-03
2025-03-31,108.36,260.45,2025-03
2025-04-01,110.13,266.33,2025-04
2025-04-02,110.4,267.23,2025-04
2025-04-03,101.78,238.56,2025-04
2025-04-04,94.29,213.65,2025-04
2025-04-07,97.62,224.73,2025-04
2025-04-08,96.28,220.27,2025-04
2025-04-09,114.31,280.24,2025-04
2025-04-10,107.55,257.75,2025-04
2025-04-11,110.91,268.93,2025-04
2025-04-14,110.69,268.2,2025-04
2025-04-15,112.18,273.15,2025-04
2025-04-16,104.47,247.51,2025-04
2025-04-17,101.47,237.53,2025-04
2025-04-21,96.89,222.3,2025-04
2025-04-22,98.87,228.89,2025-04
2025-04-23,102.69,241.59,2025-04
2025-04-24,106.41,253.96,2025-04
2025-04-25,110.99,269.19,2025-04
2025-04-28,108.71,261.61,2025-04
2025-04-29,109.0,262.58,2025-04
2025-04-30,108.9,262.24,2025-04
2025-05-01,111.59,271.19,2025-05
2025-05-02,114.48,280.8,2025-05
2025-05-05,113.8,278.54,2025-05
2025-05-06,113.52,277.61,2025-05
2025-05-07,117.04,289.31,2025-05
2025-05-08,117.35,290.35,2025-05
2025-05-09,116.63,287.95,2025-05
2025-05-12,122.98,309.07,2025-05
2025-05-13,129.91,332.12,2025-05
2025-05-14,135.32,350.11,2025-05
2025-05-15,134.81,348.41,2025-05
2025-05-16,135.38,350.31,2025-05
2025-05-19,135.55,350.87,2025-05
2025-05-20,134.36,346.92,2025-05
2025-05-21,131.78,338.34,2025-05
2025-05-22,132.81,341.76,2025-05
2025-05-23,131.27,336.64,2025-05
2025-05-27,135.48,350.64,2025-05
2025-05-28,134.79,348.35,2025-05
2025-05-29,139.16,362.91,2025-05
2025-05-30,135.11,349.41,2025-05
2025-06-02,137.36,356.89,2025-06
2025-06-03,141.19,369.67,2025-06
2025-06-04,141.89,371.99,2025-06
2025-06-05,139.96,365.57,2025-06
2025-06-06,141.69,371.33,2025-06
2025-06-09,142.6,374.35,2025-06
2025-06-10,143.93,378.78,2025-06
2025-06-11,142.81,375.05,2025-06
2025-06-12,144.98,382.27,2025-06
2025-06-13,141.95,372.19,2025-06
2025-06-16,144.67,381.24,2025-06
2025-06-17,144.1,379.34,2025-06
2025-06-18,145.46,383.87,2025-06
2025-06-20,143.83,378.45,2025-06
2025-06-23,144.15,379.51,2025-06
2025-06-24,147.88,391.92,2025-06
2025-06-25,154.29,413.24,2025-06
2025-06-26,155.0,415.6,2025-06
2025-06-27,157.73,424.68,2025-06
2025-06-30,157.97,425.48,2025-06
2025-07-01,153.28,409.88,2025-07
2025-07-02,157.23,423.01,2025-07
2025-07-03,159.32,429.97,2025-07
2025-07-07,158.22,426.31,2025-07
2025-07-08,159.98,432.16,2025-07
2025-07-09,162.86,441.74,2025-07
2025-07-10,164.08,445.8,2025-07
2025-07-11,164.9,448.52,2025-07
2025-07-14,164.05,445.7,2025-07
2025-07-15,170.68,467.75,2025-07
2025-07-16,171.35,469.98,2025-07
2025-07-17,172.98,475.4,2025-07
2025-07-18,172.39,473.44,2025-07
2025-07-21,171.36,470.01,2025-07
2025-07-22,167.01,455.54,2025-07
2025-07-23,170.76,468.01,2025-07
2025-07-24,173.72,477.86,2025-07
2025-07-25,173.48,477.06,2025-07
2025-07-28,176.73,487.87,2025-07
2025-07-29,175.49,483.75,2025-07
2025-07-30,179.25,496.25,2025-07
2025-07-31,177.85,491.6,2025-07
2025-08-01,173.7,477.79,2025-08
2025-08-04,179.98,498.68,2025-08
2025-08-05,178.24,492.89,2025-08
2025-08-06,179.4,496.75,2025-08
2025-08-07,180.75,501.24,2025-08
2025-08-08,182.68,507.66,2025-08
2025-08-11,182.04,505.53,2025-08
2025-08-12,183.14,509.19,2025-08
2025-08-13,181.57,503.97,2025-08
2025-08-14,182.0,505.4,2025-08
2025-08-15,180.43,500.18,2025-08
2025-08-18,181.99,505.37,2025-08
2025-08-19,175.62,484.18,2025-08
2025-08-20,175.38,483.38,2025-08
2025-08-21,174.96,481.98,2025-08
2025-08-22,177.97,492.0,2025-08
2025-08-25,179.79,498.05,2025-08
2025-08-26,181.75,504.57,2025-08
2025-08-27,181.58,504.0,2025-08
2025-08-28,180.15,499.25,2025-08
2025-08-29,174.16,479.32,2025-08
2025-09-02,170.76,468.01,2025-09
2025-09-03,170.6,467.48,2025-09
2025-09-04,171.64,470.94,2025-09
2025-09-05,167.0,455.51,2025-09
2025-09-08,168.29,459.8,2025-09
2025-09-09,170.74,467.95,2025-09
2025-09-10,177.31,489.8,2025-09
2025-09-11,177.16,489.3,2025-09
2025-09-12,177.81,491.46,2025-09
2025-09-15,177.74,491.23,2025-09
2025-09-16,174.87,481.68,2025-09
2025-09-17,170.28,466.42,2025-09
2025-09-18,176.23,486.21,2025-09
2025-09-19,176.66,487.64,2025-09
2025-09-22,183.6,510.72,2025-09
2025-09-23,178.42,493.49,2025-09
2025-09-24,176.96,488.64,2025-09
2025-09-25,177.68,491.03,2025-09
2025-09-26,178.18,492.69,2025-09
2025-09-29,181.84,504.87,2025-09
2025-09-30,186.57,520.6,2025-09
2025-10-01,187.23,522.8,2025-10
2025-10-02,188.88,528.28,2025-10
2025-10-03,187.61,524.06,2025-10
2025-10-06,185.53,517.14,2025-10
2025-10-07,185.03,515.48,2025-10
2025-10-08,189.1,529.02,2025-10
2025-10-09,192.56,540.52,2025-10
2025-10-10,183.15,509.22,2025-10
2025-10-13,188.31,526.39,2025-10
2025-10-14,180.02,498.81,2025-10
2025-10-15,179.82,498.15,2025-10
2025-10-16,181.8,504.73,2025-10
2025-10-17,183.21,509.42,2025-10
2025-10-20,182.63,507.5,2025-10
2025-10-21,181.15,502.57,2025-10
2025-10-22,180.27,499.65,2025-10
2025-10-23,182.15,505.9,2025-10
2025-10-24,186.25,519.54,2025-10
2025-10-27,191.48,536.93,2025-10
2025-10-28,201.02,568.66,2025-10
2025-10-29,207.03,588.65,2025-10
2025-10-30,202.88,574.85,2025-10
2025-10-31,202.48,573.52,2025-10
2025-11-03,206.87,588.12,2025-11
2025-11-04,198.68,560.88,2025-11
2025-11-05,195.2,549.31,2025-11
2025-11-06,188.07,525.59,2025-11
2025-11-07,188.14,525.82,2025-11
2025-11-10,199.04,562.08,2025-11
2025-11-11,193.15,542.49,2025-11
2025-11-12,193.79,544.62,2025-11
2025-11-13,186.85,521.53,2025-11
2025-11-14,190.16,532.54,2025-11
2025-11-17,186.59,520.67,2025-11
2025-11-18,181.35,503.24,2025-11
2025-11-19,186.51,520.4,2025-11
2025-11-20,180.63,500.84,2025-11
2025-11-21,178.87,494.99,2025-11
2025-11-24,182.54,507.2,2025-11
2025-11-25,177.81,491.46,2025-11
2025-11-26,180.25,499.58,2025-11
2025-11-28,176.99,488.74,2025-11
2025-12-01,179.91,498.45,2025-12
2025-12-02,181.45,503.57,2025-12
2025-12-03,179.58,497.35,2025-12
2025-12-04,183.38,509.99,2025-12
2025-12-05,182.41,506.76,2025-12
2025-12-08,185.55,517.21,2025-12
2025-12-09,184.97,515.28,2025-12
