Event,Event_Date,Domain,Day_Relative,Date,Close_Price,Daily_Return_Pct,Cumulative_Return_Pct,Volume
Autopilot Announcement,2014-10-10,Autonomous Driving,-30,2014-08-28,17.590667724609375,0.23172928385630787,11.375636887379414,42673500
Autopilot Announcement,2014-10-10,Autonomous Driving,-29,2014-08-29,17.979999542236328,2.213286179479579,13.840698465915136,96706500
Autopilot Announcement,2014-10-10,Autonomous Driving,-28,2014-09-02,18.941333770751953,5.346686612852136,19.927403850769586,147786000
Autopilot Announcement,2014-10-10,Autonomous Driving,-27,2014-09-03,18.746000289916992,-1.0312551544632176,18.690646316944616,101584500
Autopilot Announcement,2014-10-10,Autonomous Driving,-26,2014-09-04,19.069332122802734,1.7248043736543428,20.73782777573787,125125500
Autopilot Announcement,2014-10-10,Autonomous Driving,-25,2014-09-05,18.492666244506836,-3.0240486377933085,17.08665713958444,167548500
Autopilot Announcement,2014-10-10,Autonomous Driving,-24,2014-09-08,18.80733299255371,1.701575878169237,19.078975454026327,82524000
Autopilot Announcement,2014-10-10,Autonomous Driving,-23,2014-09-09,18.565332412719727,-1.2867352321022762,17.546744322832964,68382000
Autopilot Announcement,2014-10-10,Autonomous Driving,-22,2014-09-10,18.739999771118164,0.9408253755734952,18.65265392158266,56719500
Autopilot Announcement,2014-10-10,Autonomous Driving,-21,2014-09-11,18.687332153320312,-0.2810438550752914,18.319187928852298,56491500
Autopilot Announcement,2014-10-10,Autonomous Driving,-20,2014-09-12,18.613332748413086,-0.39598699429163053,17.850659332902573,49869000
Autopilot Announcement,2014-10-10,Autonomous Driving,-19,2014-09-15,16.923999786376953,-9.075929522509396,7.154616550035686,246831000
Autopilot Announcement,2014-10-10,Autonomous Driving,-18,2014-09-16,17.382667541503906,2.710161669324518,10.058679894686428,124501500
Autopilot Announcement,2014-10-10,Autonomous Driving,-17,2014-09-17,17.42533302307129,0.2454484127106138,10.328817177538197,77665500
Autopilot Announcement,2014-10-10,Autonomous Driving,-16,2014-09-18,17.58799934387207,0.9335048035260529,11.35874198556397,55389000
Autopilot Announcement,2014-10-10,Autonomous Driving,-15,2014-09-19,17.288000106811523,-1.7057041633622205,9.459291287248405,102163500
Autopilot Announcement,2014-10-10,Autonomous Driving,-14,2014-09-22,16.66866683959961,-3.582445993668726,5.5379712918302015,123211500
Autopilot Announcement,2014-10-10,Autonomous Driving,-13,2014-09-23,16.694000244140625,0.15198218780658745,5.698370209566228,84880500
Autopilot Announcement,2014-10-10,Autonomous Driving,-12,2014-09-24,16.80933380126953,0.6908683086271461,6.428606752079502,56242500
Autopilot Announcement,2014-10-10,Autonomous Driving,-11,2014-09-25,16.463333129882812,-2.058384201761687,4.237897124539636,72513000
Autopilot Announcement,2014-10-10,Autonomous Driving,-10,2014-09-26,16.440000534057617,-0.14172461700872052,4.090166364061942,56931000
Autopilot Announcement,2014-10-10,Autonomous Driving,-9,2014-09-29,16.35066795349121,-0.5433855089076345,3.5245554838417847,72790500
Autopilot Announcement,2014-10-10,Autonomous Driving,-8,2014-09-30,16.178667068481445,-1.051950204719554,2.4355287104945056,63574500
Autopilot Announcement,2014-10-10,Autonomous Driving,-7,2014-10-01,16.016000747680664,-1.0054370988181183,1.4056039024687106,89125500
Autopilot Announcement,2014-10-10,Autonomous Driving,-6,2014-10-02,16.761333465576172,4.653675593786688,6.124691742009891,134973000
Autopilot Announcement,2014-10-10,Autonomous Driving,-5,2014-10-03,17.013999938964844,1.5074365885482166,7.724454174812956,81094500
Autopilot Announcement,2014-10-10,Autonomous Driving,-4,2014-10-06,17.374666213989258,2.119820596674793,10.008019342066143,115699500
Autopilot Announcement,2014-10-10,Autonomous Driving,-3,2014-10-07,17.30466651916504,-0.4028836811141634,9.56481498422006,67282500
Autopilot Announcement,2014-10-10,Autonomous Driving,-2,2014-10-08,17.28533363342285,-0.11172064899821477,9.442408461845986,75826500
Autopilot Announcement,2014-10-10,Autonomous Driving,-1,2014-10-09,17.134000778198242,-0.8754986072816884,8.484241699987006,110419500
Autopilot Announcement,2014-10-10,Autonomous Driving,0,2014-10-10,15.793999671936035,-7.820713466800234,0.0,193324500
Autopilot Announcement,2014-10-10,Autonomous Driving,1,2014-10-13,14.97266674041748,-5.200284592749238,-5.200284592749238,169030500
Autopilot Announcement,2014-10-10,Autonomous Driving,2,2014-10-14,15.137332916259766,1.0997785411050565,-4.157697665671634,106579500
Autopilot Announcement,2014-10-10,Autonomous Driving,3,2014-10-15,15.313332557678223,1.1626859394061828,-3.043352692427226,137209500
Autopilot Announcement,2014-10-10,Autonomous Driving,4,2014-10-16,15.09000015258789,-1.4584180435521898,-4.457385931184133,80989500
Autopilot Announcement,2014-10-10,Autonomous Driving,5,2014-10-17,15.165332794189453,0.4992222719669259,-3.980415922533187,158241000
Autopilot Announcement,2014-10-10,Autonomous Driving,6,2014-10-20,15.364666938781738,1.314406662204326,-2.718328112398072,52416000
Autopilot Announcement,2014-10-10,Autonomous Driving,7,2014-10-21,15.689332962036133,2.1130690599931556,-0.6626992026970924,61954500
Autopilot Announcement,2014-10-10,Autonomous Driving,8,2014-10-22,15.40666675567627,-1.8016457872609193,-2.452405497690413,61749000
Autopilot Announcement,2014-10-10,Autonomous Driving,9,2014-10-23,15.685999870300293,1.8130665059079565,-0.683802734450123,52386000
Autopilot Announcement,2014-10-10,Autonomous Driving,10,2014-10-24,15.682666778564453,-0.021248831846232275,-0.7049062662031536,51949500
Autopilot Announcement,2014-10-10,Autonomous Driving,11,2014-10-27,14.777999877929688,-5.768578223387955,-6.432821420223611,143299500
Autopilot Announcement,2014-10-10,Autonomous Driving,12,2014-10-28,16.184667587280273,9.518660989105744,2.4735211058564577,157744500
Autopilot Announcement,2014-10-10,Autonomous Driving,13,2014-10-29,15.873332977294922,-1.9236391993001645,0.5023002849610769,74437500
Autopilot Announcement,2014-10-10,Autonomous Driving,14,2014-10-30,15.910667419433594,0.23520228670359522,0.7386839934210077,48426000
Autopilot Announcement,2014-10-10,Autonomous Driving,15,2014-10-31,16.113332748413086,1.2737701294161408,2.0218632588961283,56629500
Autopilot Announcement,2014-10-10,Autonomous Driving,16,2014-11-03,16.172666549682617,0.3682279898016505,2.3975363151325535,63057000
Autopilot Announcement,2014-10-10,Autonomous Driving,17,2014-11-04,15.928667068481445,-1.5087152168234197,0.852649103093861,55239000
Autopilot Announcement,2014-10-10,Autonomous Driving,18,2014-11-05,15.39799976348877,-3.3315236153232397,-2.5072807184547963,135688500
Autopilot Announcement,2014-10-10,Autonomous Driving,19,2014-11-06,16.08133316040039,4.437806256705623,1.8192572776540628,230320500
Autopilot Announcement,2014-10-10,Autonomous Driving,20,2014-11-07,16.01333236694336,-0.4228554484803526,1.3887090006532654,77415000
Autopilot Announcement,2014-10-10,Autonomous Driving,21,2014-11-10,16.1286678314209,0.720246491077825,2.1189576195795867,68658000
Autopilot Announcement,2014-10-10,Autonomous Driving,22,2014-11-11,16.738666534423828,3.7820774125843615,5.981175649676307,119232000
Autopilot Announcement,2014-10-10,Autonomous Driving,23,2014-11-12,16.606666564941406,-0.788593100955548,5.1454154101913785,88062000
Autopilot Announcement,2014-10-10,Autonomous Driving,24,2014-11-13,16.780000686645508,1.0437622808061375,6.242883596239857,93540000
Autopilot Announcement,2014-10-10,Autonomous Driving,25,2014-11-14,17.245332717895508,2.773134756903417,9.189141927983634,91516500
Autopilot Announcement,2014-10-10,Autonomous Driving,26,2014-11-17,16.93199920654297,-1.8169177508961187,7.205265026242946,60385500
Autopilot Announcement,2014-10-10,Autonomous Driving,27,2014-11-18,17.18000030517578,1.4646888155828597,8.775488552798283,67095000
Autopilot Announcement,2014-10-10,Autonomous Driving,28,2014-11-19,16.516000747680664,-3.864956610594905,4.57136311727,118777500
Autopilot Announcement,2014-10-10,Autonomous Driving,29,2014-11-20,16.58066749572754,0.39153999224634806,4.980801824311265,53808000
Autopilot Announcement,2014-10-10,Autonomous Driving,30,2014-11-21,16.185333251953125,-2.3843083752586147,2.4777357740005668,112276500
Model 3 First Deliveries,2017-07-28,Electric Vehicles,-30,2017-06-15,25.022666931152344,-1.3975690849574174,12.018388692525207,156397500
Model 3 First Deliveries,2017-07-28,Electric Vehicles,-29,2017-06-16,24.760000228881836,-1.0497150563255842,10.84251480056646,100965000
Model 3 First Deliveries,2017-07-28,Electric Vehicles,-28,2017-06-19,24.65333366394043,-0.4308019545855357,10.365003080293844,98239500
Model 3 First Deliveries,2017-07-28,Electric Vehicles,-27,2017-06-20,24.81599998474121,0.6598147050542957,11.093207599851262,111580500
Model 3 First Deliveries,2017-07-28,Electric Vehicles,-26,2017-06-21,25.093332290649414,1.117554424882039,12.3347346571268,73848000
Model 3 First Deliveries,2017-07-28,Electric Vehicles,-25,2017-06-22,25.507333755493164,1.6498465012477537,14.188085346553336,112947000
Model 3 First Deliveries,2017-07-28,Electric Vehicles,-24,2017-06-23,25.56333351135254,0.21954374532506815,14.438778145838139,96687000
Model 3 First Deliveries,2017-07-28,Electric Vehicles,-23,2017-06-26,25.166000366210938,-1.5543088109582714,12.660046133964386,99061500
Model 3 First Deliveries,2017-07-28,Electric Vehicles,-22,2017-06-27,24.158000946044922,-4.005401754342353,8.147558669671673,104946000
Model 3 First Deliveries,2017-07-28,Electric Vehicles,-21,2017-06-28,24.749332427978516,2.4477666146892174,10.794758505389336,94537500
Model 3 First Deliveries,2017-07-28,Electric Vehicles,-20,2017-06-29,24.049999237060547,-2.8256648657213446,7.664069941241736,123315000
Model 3 First Deliveries,2017-07-28,Electric Vehicles,-19,2017-06-30,24.107332229614258,0.23839082899164143,7.920731210100795,87727500
Model 3 First Deliveries,2017-07-28,Electric Vehicles,-18,2017-07-03,23.507999420166016,-2.4861017541874753,5.237712018354546,94581000
Model 3 First Deliveries,2017-07-28,Electric Vehicles,-17,2017-07-05,21.805999755859375,-7.240087231100589,-2.381590131788758,255700500
Model 3 First Deliveries,2017-07-28,Electric Vehicles,-16,2017-07-06,20.588666915893555,-5.582559174516721,-7.83119562790392,289867500
Model 3 First Deliveries,2017-07-28,Electric Vehicles,-15,2017-07-07,20.881332397460938,1.4214882525563466,-6.521026901232929,212653500
Model 3 First Deliveries,2017-07-28,Electric Vehicles,-14,2017-07-10,21.06999969482422,0.90352135473033,-5.676424417102954,207313500
Model 3 First Deliveries,2017-07-28,Electric Vehicles,-13,2017-07-11,21.814666748046875,3.534252795483339,-2.3427908102645723,173391000
Model 3 First Deliveries,2017-07-28,Electric Vehicles,-12,2017-07-12,21.968000411987305,0.7028925342357439,-1.656365577726937,155191500
Model 3 First Deliveries,2017-07-28,Electric Vehicles,-11,2017-07-13,21.560667037963867,-1.8542123378747166,-3.479865380699132,128917500
Model 3 First Deliveries,2017-07-28,Electric Vehicles,-10,2017-07-14,21.851999282836914,1.3512209263288222,-2.1756651236023994,84378000
Model 3 First Deliveries,2017-07-28,Electric Vehicles,-9,2017-07-17,21.30466651916504,-2.50472625679502,-4.62589692478661,148153500
Model 3 First Deliveries,2017-07-28,Electric Vehicles,-8,2017-07-18,21.882667541503906,2.713025438905192,-2.0383732462283977,95605500
Model 3 First Deliveries,2017-07-28,Electric Vehicles,-7,2017-07-19,21.68400001525879,-0.9078761803985369,-2.927743521456816,95355000
Model 3 First Deliveries,2017-07-28,Electric Vehicles,-6,2017-07-20,21.994667053222656,1.4327017051524393,-1.536987647658783,77493000
Model 3 First Deliveries,2017-07-28,Electric Vehicles,-5,2017-07-21,21.893333435058594,-0.4607190366594627,-1.990625489634379,73524000
Model 3 First Deliveries,2017-07-28,Electric Vehicles,-4,2017-07-24,22.834667205810547,4.299636569936682,2.2234214187795143,129556500
Model 3 First Deliveries,2017-07-28,Electric Vehicles,-3,2017-07-25,22.639999389648438,-0.8525099770780753,1.3519565522738475,104838000
Model 3 First Deliveries,2017-07-28,Electric Vehicles,-2,2017-07-26,22.92333221435547,1.2514701075326817,2.620345991925066,72312000
Model 3 First Deliveries,2017-07-28,Electric Vehicles,-1,2017-07-27,22.297332763671875,-2.7308396738741525,-0.18205112988934902,124536000
Model 3 First Deliveries,2017-07-28,Electric Vehicles,0,2017-07-28,22.33799934387207,0.1823831604937487,0.0,73206000
Model 3 First Deliveries,2017-07-28,Electric Vehicles,1,2017-07-31,21.564666748046875,-3.4619599719763694,-3.4619599719763694,128026500
Model 3 First Deliveries,2017-07-28,Electric Vehicles,2,2017-08-01,21.30466651916504,-1.205677008226358,-4.62589692478661,124546500
Model 3 First Deliveries,2017-07-28,Electric Vehicles,3,2017-08-02,21.72599983215332,1.9776573954314758,-2.739723921993209,196372500
Model 3 First Deliveries,2017-07-28,Electric Vehicles,4,2017-08-03,23.139333724975586,6.50526513735219,3.5873149102018553,203025000
Model 3 First Deliveries,2017-07-28,Electric Vehicles,5,2017-08-04,23.79400062561035,2.8292383368331286,6.518046935737343,139033500
Model 3 First Deliveries,2017-07-28,Electric Vehicles,6,2017-08-07,23.67799949645996,-0.4875225943531958,5.99874738986188,94867500
Model 3 First Deliveries,2017-07-28,Electric Vehicles,7,2017-08-08,24.347999572753906,2.829631263376431,8.998121084792832,111747000
Model 3 First Deliveries,2017-07-28,Electric Vehicles,8,2017-08-09,24.235332489013672,-0.46273651107794356,8.493746982144534,103381500
Model 3 First Deliveries,2017-07-28,Electric Vehicles,9,2017-08-10,23.69333267211914,-2.236403470594972,6.067389059257344,106393500
Model 3 First Deliveries,2017-07-28,Electric Vehicles,10,2017-08-11,23.857999801635742,0.6949935317051015,6.80455055246767,65487000
Model 3 First Deliveries,2017-07-28,Electric Vehicles,11,2017-08-14,24.253332138061523,1.6570221297372845,8.574325590688513,67788000
Model 3 First Deliveries,2017-07-28,Electric Vehicles,12,2017-08-15,24.155332565307617,-0.4040664276399042,8.135613191940095,46276500
Model 3 First Deliveries,2017-07-28,Electric Vehicles,13,2017-08-16,24.194000244140625,0.16007926501722114,8.308715886759611,51207000
Model 3 First Deliveries,2017-07-28,Electric Vehicles,14,2017-08-17,23.461332321166992,-3.0283041893870877,5.028798506089505,75415500
Model 3 First Deliveries,2017-07-28,Electric Vehicles,15,2017-08-18,23.163999557495117,-1.2673311114715258,3.69773586661708,81123000
Model 3 First Deliveries,2017-07-28,Electric Vehicles,16,2017-08-21,22.52400016784668,-2.7629053784943403,0.8326655449814702,97431000
Model 3 First Deliveries,2017-07-28,Electric Vehicles,17,2017-08-22,22.75666618347168,1.0329693388882788,1.8742360636448963,64830000
Model 3 First Deliveries,2017-07-28,Electric Vehicles,18,2017-08-23,23.51799964904785,3.345540420719151,5.282479809452978,74317500
Model 3 First Deliveries,2017-07-28,Electric Vehicles,19,2017-08-24,23.528667449951172,0.04536015419045469,5.330236104630082,68770500
Model 3 First Deliveries,2017-07-28,Electric Vehicles,20,2017-08-25,23.203332901000977,-1.3827155730014362,3.8738185269321823,52260000
Model 3 First Deliveries,2017-07-28,Electric Vehicles,21,2017-08-28,23.04400062561035,-0.6866784012039551,3.1605394506019513,56460000
Model 3 First Deliveries,2017-07-28,Electric Vehicles,22,2017-08-29,23.157333374023438,0.4918102123601331,3.667893518745813,61105500
Model 3 First Deliveries,2017-07-28,Electric Vehicles,23,2017-08-30,23.545333862304688,1.6754972691134018,5.4048462435998035,51193500
Model 3 First Deliveries,2017-07-28,Electric Vehicles,24,2017-08-31,23.726667404174805,0.7701464032346061,6.2166178757798285,61092000
Model 3 First Deliveries,2017-07-28,Electric Vehicles,25,2017-09-01,23.69333267211914,-0.1404947921586297,6.067389059257344,45742500
Model 3 First Deliveries,2017-07-28,Electric Vehicles,26,2017-09-05,23.305999755859375,-1.6347760005731682,4.333424838482025,57526500
Model 3 First Deliveries,2017-07-28,Electric Vehicles,27,2017-09-06,22.968666076660156,-1.447411322118497,2.823291034615849,61371000
Model 3 First Deliveries,2017-07-28,Electric Vehicles,28,2017-09-07,23.374000549316406,1.7647279615777611,4.637842402518189,63588000
Model 3 First Deliveries,2017-07-28,Electric Vehicles,29,2017-09-08,22.893333435058594,-2.056417827336232,2.4860511572128097,48952500
Model 3 First Deliveries,2017-07-28,Electric Vehicles,30,2017-09-11,24.246000289916992,5.908562240162629,8.54150327732166,115006500
Cybertruck Reveal,2019-11-21,Electric Vehicles,-30,2019-10-10,16.31599998474121,0.08587865860343324,-31.026123011815553,94249500
Cybertruck Reveal,2019-11-21,Electric Vehicles,-29,2019-10-11,16.525999069213867,1.2870745566869735,-30.138377790340055,127131000
Cybertruck Reveal,2019-11-21,Electric Vehicles,-28,2019-10-14,17.130666732788086,3.6588871936986234,-27.5822198420007,153075000
Cybertruck Reveal,2019-11-21,Electric Vehicles,-27,2019-10-15,17.19266700744629,0.36192563678525413,-27.32012133001812,96492000
Cybertruck Reveal,2019-11-21,Electric Vehicles,-26,2019-10-16,17.316667556762695,0.7212409177860479,-26.795924306052942,100261500
Cybertruck Reveal,2019-11-21,Electric Vehicles,-25,2019-10-17,17.46466636657715,0.8546610329575488,-26.170277596560034,71539500
Cybertruck Reveal,2019-11-21,Electric Vehicles,-24,2019-10-18,17.1299991607666,-1.9162530722660276,-27.58504192036143,86247000
Cybertruck Reveal,2019-11-21,Electric Vehicles,-23,2019-10-21,16.899999618530273,-1.342671065408474,-28.55733660952442,75304500
Cybertruck Reveal,2019-11-21,Electric Vehicles,-22,2019-10-22,17.038667678833008,0.820521085401027,-27.97113449243348,69012000
Cybertruck Reveal,2019-11-21,Electric Vehicles,-21,2019-10-23,16.978666305541992,-0.35214826899614415,-28.224782895495938,78916500
Cybertruck Reveal,2019-11-21,Electric Vehicles,-20,2019-10-24,19.978666305541992,17.66923235319593,-15.542653013290298,445813500
Cybertruck Reveal,2019-11-21,Electric Vehicles,-19,2019-10-25,21.875333786010742,9.493463935290936,-7.5247252364034845,450091500
Cybertruck Reveal,2019-11-21,Electric Vehicles,-18,2019-10-28,21.847333908081055,-0.12799748887760698,-7.643091265933554,283054500
Cybertruck Reveal,2019-11-21,Electric Vehicles,-17,2019-10-29,21.08133316040039,-3.506152059118439,-10.881264923251155,190264500
Cybertruck Reveal,2019-11-21,Electric Vehicles,-16,2019-10-30,21.000667572021484,-0.38263988223681267,-11.22226874619977,144627000
Cybertruck Reveal,2019-11-21,Electric Vehicles,-15,2019-10-31,20.994667053222656,-0.02857299073112385,-11.247635199122218,76005000
Cybertruck Reveal,2019-11-21,Electric Vehicles,-14,2019-11-01,20.887332916259766,-0.5112447684490151,-11.701377021041493,95758500
Cybertruck Reveal,2019-11-21,Electric Vehicles,-13,2019-11-04,21.1646671295166,1.3277626893232641,-10.52898084994066,131805000
Cybertruck Reveal,2019-11-21,Electric Vehicles,-12,2019-11-05,21.148000717163086,-0.07874639488315571,-10.599436051986554,104151000
Cybertruck Reveal,2019-11-21,Electric Vehicles,-11,2019-11-06,21.77199935913086,2.9506271080336877,-7.961558777401478,119113500
Cybertruck Reveal,2019-11-21,Electric Vehicles,-10,2019-11-07,22.369333267211914,2.7435877533706687,-5.436403375624998,217009500
Cybertruck Reveal,2019-11-21,Electric Vehicles,-9,2019-11-08,22.47599983215332,0.4768428440276917,-4.985483632066456,91038000
Cybertruck Reveal,2019-11-21,Electric Vehicles,-8,2019-11-11,23.006000518798828,2.358073903734903,-2.7449711168342827,149800500
Cybertruck Reveal,2019-11-21,Electric Vehicles,-7,2019-11-12,23.32866668701172,1.4025304743831235,-1.3809396988777922,110391000
Cybertruck Reveal,2019-11-21,Electric Vehicles,-6,2019-11-13,23.073999404907227,-1.0916495379750035,-2.4575142150102813,126301500
Cybertruck Reveal,2019-11-21,Electric Vehicles,-5,2019-11-14,23.290000915527344,0.9361251460125342,-1.5443944775312968,96973500
Cybertruck Reveal,2019-11-21,Electric Vehicles,-4,2019-11-15,23.47800064086914,0.8072121852793046,-0.7496488326634076,72135000
Cybertruck Reveal,2019-11-21,Electric Vehicles,-3,2019-11-18,23.332666397094727,-0.6190230846208622,-1.3640314179565016,66006000
Cybertruck Reveal,2019-11-21,Electric Vehicles,-2,2019-11-19,23.968000411987305,2.722937893509192,1.3217647471937877,115872000
Cybertruck Reveal,2019-11-21,Electric Vehicles,-1,2019-11-20,23.481332778930664,-2.0304890883314552,-0.7355626301028484,100876500
Cybertruck Reveal,2019-11-21,Electric Vehicles,0,2019-11-21,23.655332565307617,0.741013246629163,0.0,91650000
Cybertruck Reveal,2019-11-21,Electric Vehicles,1,2019-11-22,22.202667236328125,-6.140963459164972,-6.140963459164972,253059000
Cybertruck Reveal,2019-11-21,Electric Vehicles,2,2019-11-25,22.422666549682617,0.9908688492819007,-5.210943503845722,185092500
Cybertruck Reveal,2019-11-21,Electric Vehicles,3,2019-11-26,21.92799949645996,-2.2061027047189374,-7.30208744298495,119211000
Cybertruck Reveal,2019-11-21,Electric Vehicles,4,2019-11-27,22.086000442504883,0.7205442797936445,-6.634157936567253,83334000
Cybertruck Reveal,2019-11-21,Electric Vehicles,5,2019-11-29,21.996000289916992,-0.40749864522633406,-7.014622478079913,36984000
Cybertruck Reveal,2019-11-21,Electric Vehicles,6,2019-12-02,22.32466697692871,1.4942111414791182,-5.625224607200963,91117500
Cybertruck Reveal,2019-11-21,Electric Vehicles,7,2019-12-03,22.413333892822266,0.39717016153113516,-5.250396159328741,98605500
Cybertruck Reveal,2019-11-21,Electric Vehicles,8,2019-12-04,22.20199966430664,-0.9428951066637326,-6.143785537525703,82995000
Cybertruck Reveal,2019-11-21,Electric Vehicles,9,2019-12-05,22.024667739868164,-0.7987205077007897,-6.8934343701891105,55869000
Cybertruck Reveal,2019-11-21,Electric Vehicles,10,2019-12-06,22.392667770385742,1.6708539482365836,-5.337759642295925,114186000
Cybertruck Reveal,2019-11-21,Electric Vehicles,11,2019-12-09,22.635332107543945,1.0836776557687555,-4.311926095089369,135346500
Cybertruck Reveal,2019-11-21,Electric Vehicles,12,2019-12-10,23.256000518798828,2.7420335973247223,-1.6881269599838156,132424500
Cybertruck Reveal,2019-11-21,Electric Vehicles,13,2019-12-11,23.51333236694336,1.1065180701923305,-0.6002883196514985,103467000
Cybertruck Reveal,2019-11-21,Electric Vehicles,14,2019-12-12,23.978666305541992,1.9790216517877823,1.3668534963172219,116458500
Cybertruck Reveal,2019-11-21,Electric Vehicles,15,2019-12-13,23.892667770385742,-0.35864603168681564,1.0033052988069002,98563500
Cybertruck Reveal,2019-11-21,Electric Vehicles,16,2019-12-16,25.433332443237305,6.448273954410277,7.516275127483363,272613000
Cybertruck Reveal,2019-11-21,Electric Vehicles,17,2019-12-17,25.266000747680664,-0.6579228102730705,6.808901028663694,127452000
Cybertruck Reveal,2019-11-21,Electric Vehicles,18,2019-12-18,26.209999084472656,3.7362396455982383,10.799537533924397,211815000
Cybertruck Reveal,2019-11-21,Electric Vehicles,19,2019-12-19,26.93600082397461,2.769941872802484,13.868620318948066,271606500
Cybertruck Reveal,2019-11-21,Electric Vehicles,20,2019-12-20,27.03933334350586,0.3836223506470837,14.305445796865035,221290500
Cybertruck Reveal,2019-11-21,Electric Vehicles,21,2019-12-23,27.947999954223633,3.3605362941982797,18.14672178911383,199794000
Cybertruck Reveal,2019-11-21,Electric Vehicles,22,2019-12-24,28.350000381469727,1.4383871042812801,19.846128999459523,120820500
Cybertruck Reveal,2019-11-21,Electric Vehicles,23,2019-12-26,28.729333877563477,1.3380370052541224,21.449714554836884,159508500
Cybertruck Reveal,2019-11-21,Electric Vehicles,24,2019-12-27,28.691999435424805,-0.12995234173469594,21.291887806742782,149185500
Cybertruck Reveal,2019-11-21,Electric Vehicles,25,2019-12-30,27.64666748046875,-3.643287242176041,16.872875932485233,188796000
Cybertruck Reveal,2019-11-21,Electric Vehicles,26,2019-12-31,27.8886661529541,0.8753267375039453,17.895895464412103,154285500
Cybertruck Reveal,2019-11-21,Electric Vehicles,27,2020-01-02,28.68400001525879,2.85181750157113,21.2580712449002,142981500
Cybertruck Reveal,2019-11-21,Electric Vehicles,28,2020-01-03,29.534000396728516,2.963325829792085,24.851342990808,266677500
Cybertruck Reveal,2019-11-21,Electric Vehicles,29,2020-01-06,30.1026668548584,1.925463704513497,27.255310284693678,151995000
Cybertruck Reveal,2019-11-21,Electric Vehicles,30,2020-01-07,31.270666122436523,3.880052465815398,32.192883089275966,268231500
Tesla Bot Announcement,2021-08-19,Robotics/AI,-30,2021-07-08,217.60333251953125,1.2658037290573132,-3.067696915283169,68319900
Tesla Bot Announcement,2021-08-19,Robotics/AI,-29,2021-07-09,218.98333740234375,0.6341837079579804,-2.4529680413714394,54421500
Tesla Bot Announcement,2021-08-19,Robotics/AI,-28,2021-07-12,228.56666564941406,4.37628194032984,1.8159651015617895,77781000
Tesla Bot Announcement,2021-08-19,Robotics/AI,-27,2021-07-13,222.84666442871094,-2.50255268170938,-0.7320330634956296,62898300
Tesla Bot Announcement,2021-08-19,Robotics/AI,-26,2021-07-14,217.7933349609375,-2.2676262535623493,-2.9830595431253992,64923600
Tesla Bot Announcement,2021-08-19,Robotics/AI,-25,2021-07-15,216.86666870117188,-0.4254796226577984,-3.395846855295448,60628800
Tesla Bot Announcement,2021-08-19,Robotics/AI,-24,2021-07-16,214.74000549316406,-0.9806316575730722,-4.3431777635627995,49113000
Tesla Bot Announcement,2021-08-19,Robotics/AI,-23,2021-07-19,215.4066619873047,0.3104482057777691,-4.046212875225741,63891300
Tesla Bot Announcement,2021-08-19,Robotics/AI,-22,2021-07-20,220.1666717529297,2.209778342837665,-1.925846868209924,46461300
Tesla Bot Announcement,2021-08-19,Robotics/AI,-21,2021-07-21,218.42999267578125,-0.7888019850240235,-2.699457734908983,41859900
Tesla Bot Announcement,2021-08-19,Robotics/AI,-20,2021-07-22,216.4199981689453,-0.9202007847976312,-3.5948180884446956,45317100
Tesla Bot Announcement,2021-08-19,Robotics/AI,-19,2021-07-23,214.4600067138672,-0.9056424875986235,-4.467904376082476,43814700
Tesla Bot Announcement,2021-08-19,Robotics/AI,-18,2021-07-26,219.2066650390625,2.2133069927244398,-2.3534858233421163,76009800
Tesla Bot Announcement,2021-08-19,Robotics/AI,-17,2021-07-27,214.92666625976562,-1.952494819687245,-4.2600289542465415,98439900
Tesla Bot Announcement,2021-08-19,Robotics/AI,-16,2021-07-28,215.66000366210938,0.34120354402995545,-3.9333607799851733,48019800
Tesla Bot Announcement,2021-08-19,Robotics/AI,-15,2021-07-29,225.78334045410156,4.694118807422987,0.5761213993007219,91183800
Tesla Bot Announcement,2021-08-19,Robotics/AI,-14,2021-07-30,229.06666564941406,1.4541928508582602,2.038692166359879,88969200
Tesla Bot Announcement,2021-08-19,Robotics/AI,-13,2021-08-02,236.55667114257812,3.2697928666004517,5.375146043987922,100847400
Tesla Bot Announcement,2021-08-19,Robotics/AI,-12,2021-08-03,236.5800018310547,0.009862621233169833,5.385538795516132,64860900
Tesla Bot Announcement,2021-08-19,Robotics/AI,-11,2021-08-04,236.97332763671875,0.1662548831768751,5.560747399925936,51007800
Tesla Bot Announcement,2021-08-19,Robotics/AI,-10,2021-08-05,238.2100067138672,0.5218642492307302,6.111631201826895,38758800
Tesla Bot Announcement,2021-08-19,Robotics/AI,-9,2021-08-06,233.03334045410156,-2.1731523084098314,3.8056638388730635,46869000
Tesla Bot Announcement,2021-08-19,Robotics/AI,-8,2021-08-09,237.9199981689453,2.0969779282747014,5.982445697873273,44145900
Tesla Bot Announcement,2021-08-19,Robotics/AI,-7,2021-08-10,236.663330078125,-0.5281893495678203,5.422657707285605,40296900
Tesla Bot Announcement,2021-08-19,Robotics/AI,-6,2021-08-11,235.94000244140625,-0.3056357047287239,5.100448424458182,29401800
Tesla Bot Announcement,2021-08-19,Robotics/AI,-5,2021-08-12,240.75,2.0386528392057013,7.24308170028134,52377300
Tesla Bot Announcement,2021-08-19,Robotics/AI,-4,2021-08-13,239.05667114257812,-0.7033557040173943,6.488781367978369,50194500
Tesla Bot Announcement,2021-08-19,Robotics/AI,-3,2021-08-16,228.72332763671875,-4.3225497353706395,1.8857508307574156,68032200
Tesla Bot Announcement,2021-08-19,Robotics/AI,-2,2021-08-17,221.90333557128906,-2.981764971635026,-1.152242798601455,71163900
Tesla Bot Announcement,2021-08-19,Robotics/AI,-1,2021-08-18,229.663330078125,3.497015710402862,2.3044788001123084,61048200
Tesla Bot Announcement,2021-08-19,Robotics/AI,0,2021-08-19,224.49000549316406,-2.252568828990298,0.0,42940500
Tesla Bot Announcement,2021-08-19,Robotics/AI,1,2021-08-20,226.75332641601562,1.0082056516856674,1.0082056516856674,44525700
Tesla Bot Announcement,2021-08-19,Robotics/AI,2,2021-08-23,235.43333435058594,3.8279517534598018,4.87475103106767,60794700
Tesla Bot Announcement,2021-08-19,Robotics/AI,3,2021-08-24,236.163330078125,0.31006472789958384,5.199930642487516,39249300
Tesla Bot Announcement,2021-08-19,Robotics/AI,4,2021-08-25,237.06666564941406,0.38250458739306215,5.602325203129355,37936800
Tesla Bot Announcement,2021-08-19,Robotics/AI,5,2021-08-26,233.72000122070312,-1.411697599720807,4.111539712987411,39642900
Tesla Bot Announcement,2021-08-19,Robotics/AI,6,2021-08-27,237.30667114257812,1.534601190801843,5.709236641185056,41501400
Tesla Bot Announcement,2021-08-19,Robotics/AI,7,2021-08-30,243.6366729736328,2.667435264494311,8.528962097179772,55812600
Tesla Bot Announcement,2021-08-19,Robotics/AI,8,2021-08-31,245.24000549316406,0.658083407543808,9.243173189120824,62566200
Tesla Bot Announcement,2021-08-19,Robotics/AI,9,2021-09-01,244.69667053222656,-0.22155233598404322,9.001142387017236,39612900
Tesla Bot Announcement,2021-08-19,Robotics/AI,10,2021-09-02,244.1300048828125,-0.2315788147756681,8.748718833385439,38331900
Tesla Bot Announcement,2021-08-19,Robotics/AI,11,2021-09-03,244.52333068847656,0.16111325842673718,8.923927437795243,45738300
Tesla Bot Announcement,2021-08-19,Robotics/AI,12,2021-09-07,250.97332763671875,2.637783858939624,11.797105214272507,60119400
Tesla Bot Announcement,2021-08-19,Robotics/AI,13,2021-09-08,251.2899932861328,0.12617502122473923,11.93816523550526,56379000
Tesla Bot Announcement,2021-08-19,Robotics/AI,14,2021-09-09,251.6199951171875,0.1313231087076927,12.085165913922857,42233100
Tesla Bot Announcement,2021-08-19,Robotics/AI,15,2021-09-10,245.42333984375,-2.4627038366134335,9.32484023268616,45552600
Tesla Bot Announcement,2021-08-19,Robotics/AI,16,2021-09-13,247.6666717529297,0.914066245943812,10.32414169568514,68857500
Tesla Bot Announcement,2021-08-19,Robotics/AI,17,2021-09-14,248.163330078125,0.20053498586631857,10.54538019764173,55574700
Tesla Bot Announcement,2021-08-19,Robotics/AI,18,2021-09-15,251.94332885742188,1.5231899000174076,12.229196263748054,46073100
Tesla Bot Announcement,2021-08-19,Robotics/AI,19,2021-09-16,252.3300018310547,0.15347617076681974,12.401441336656017,41770200
Tesla Bot Announcement,2021-08-19,Robotics/AI,20,2021-09-17,253.163330078125,0.33025333532406,12.772650845622646,84612600
Tesla Bot Announcement,2021-08-19,Robotics/AI,21,2021-09-20,243.38999938964844,-3.860484330594227,8.419080330531648,74273100
Tesla Bot Announcement,2021-08-19,Robotics/AI,22,2021-09-21,246.4600067138672,1.2613531089680885,9.786627770995416,48992100
Tesla Bot Announcement,2021-08-19,Robotics/AI,23,2021-09-22,250.64666748046875,1.69871810945057,11.651593098696411,45378900
Tesla Bot Announcement,2021-08-19,Robotics/AI,24,2021-09-23,251.2133331298828,0.22608146164888598,11.90401665232821,35842500
Tesla Bot Announcement,2021-08-19,Robotics/AI,25,2021-09-24,258.1300048828125,2.7533059916662994,14.98507664773201,64119000
Tesla Bot Announcement,2021-08-19,Robotics/AI,26,2021-09-27,263.78668212890625,2.191406322043732,17.504866886797245,84212100
Tesla Bot Announcement,2021-08-19,Robotics/AI,27,2021-09-28,259.1866760253906,-1.7438356123178789,15.455775171818553,76144200
Tesla Bot Announcement,2021-08-19,Robotics/AI,28,2021-09-29,260.4366760253906,0.4822778775393388,16.012592833813777,62828700
Tesla Bot Announcement,2021-08-19,Robotics/AI,29,2021-09-30,258.49334716796875,-0.7461809477373404,15.146928969111784,53868000
Tesla Bot Announcement,2021-08-19,Robotics/AI,30,2021-10-01,258.40667724609375,-0.03352887910832436,15.108321494500787,51094200
Dojo Supercomputer Announcement,2021-08-19,AI Infrastructure,-30,2021-07-08,217.60333251953125,1.2658037290573132,-3.067696915283169,68319900
Dojo Supercomputer Announcement,2021-08-19,AI Infrastructure,-29,2021-07-09,218.98333740234375,0.6341837079579804,-2.4529680413714394,54421500
Dojo Supercomputer Announcement,2021-08-19,AI Infrastructure,-28,2021-07-12,228.56666564941406,4.37628194032984,1.8159651015617895,77781000
Dojo Supercomputer Announcement,2021-08-19,AI Infrastructure,-27,2021-07-13,222.84666442871094,-2.50255268170938,-0.7320330634956296,62898300
Dojo Supercomputer Announcement,2021-08-19,AI Infrastructure,-26,2021-07-14,217.7933349609375,-2.2676262535623493,-2.9830595431253992,64923600
Dojo Supercomputer Announcement,2021-08-19,AI Infrastructure,-25,2021-07-15,216.86666870117188,-0.4254796226577984,-3.395846855295448,60628800
Dojo Supercomputer Announcement,2021-08-19,AI Infrastructure,-24,2021-07-16,214.74000549316406,-0.9806316575730722,-4.3431777635627995,49113000
Dojo Supercomputer Announcement,2021-08-19,AI Infrastructure,-23,2021-07-19,215.4066619873047,0.3104482057777691,-4.046212875225741,63891300
Dojo Supercomputer Announcement,2021-08-19,AI Infrastructure,-22,2021-07-20,220.1666717529297,2.209778342837665,-1.925846868209924,46461300
Dojo Supercomputer Announcement,2021-08-19,AI Infrastructure,-21,2021-07-21,218.42999267578125,-0.7888019850240235,-2.699457734908983,41859900
Dojo Supercomputer Announcement,2021-08-19,AI Infrastructure,-20,2021-07-22,216.4199981689453,-0.9202007847976312,-3.5948180884446956,45317100
Dojo Supercomputer Announcement,2021-08-19,AI Infrastructure,-19,2021-07-23,214.4600067138672,-0.9056424875986235,-4.467904376082476,43814700
Dojo Supercomputer Announcement,2021-08-19,AI Infrastructure,-18,2021-07-26,219.2066650390625,2.2133069927244398,-2.3534858233421163,76009800
Dojo Supercomputer Announcement,2021-08-19,AI Infrastructure,-17,2021-07-27,214.92666625976562,-1.952494819687245,-4.2600289542465415,98439900
Dojo Supercomputer Announcement,2021-08-19,AI Infrastructure,-16,2021-07-28,215.66000366210938,0.34120354402995545,-3.9333607799851733,48019800
Dojo Supercomputer Announcement,2021-08-19,AI Infrastructure,-15,2021-07-29,225.78334045410156,4.694118807422987,0.5761213993007219,91183800
Dojo Supercomputer Announcement,2021-08-19,AI Infrastructure,-14,2021-07-30,229.06666564941406,1.4541928508582602,2.038692166359879,88969200
Dojo Supercomputer Announcement,2021-08-19,AI Infrastructure,-13,2021-08-02,236.55667114257812,3.2697928666004517,5.375146043987922,100847400
Dojo Supercomputer Announcement,2021-08-19,AI Infrastructure,-12,2021-08-03,236.5800018310547,0.009862621233169833,5.385538795516132,64860900
Dojo Supercomputer Announcement,2021-08-19,AI Infrastructure,-11,2021-08-04,236.97332763671875,0.1662548831768751,5.560747399925936,51007800
Dojo Supercomputer Announcement,2021-08-19,AI Infrastructure,-10,2021-08-05,238.2100067138672,0.5218642492307302,6.111631201826895,38758800
Dojo Supercomputer Announcement,2021-08-19,AI Infrastructure,-9,2021-08-06,233.03334045410156,-2.1731523084098314,3.8056638388730635,46869000
Dojo Supercomputer Announcement,2021-08-19,AI Infrastructure,-8,2021-08-09,237.9199981689453,2.0969779282747014,5.982445697873273,44145900
Dojo Supercomputer Announcement,2021-08-19,AI Infrastructure,-7,2021-08-10,236.663330078125,-0.5281893495678203,5.422657707285605,40296900
Dojo Supercomputer Announcement,2021-08-19,AI Infrastructure,-6,2021-08-11,235.94000244140625,-0.3056357047287239,5.100448424458182,29401800
Dojo Supercomputer Announcement,2021-08-19,AI Infrastructure,-5,2021-08-12,240.75,2.0386528392057013,7.24308170028134,52377300
Dojo Supercomputer Announcement,2021-08-19,AI Infrastructure,-4,2021-08-13,239.05667114257812,-0.7033557040173943,6.488781367978369,50194500
Dojo Supercomputer Announcement,2021-08-19,AI Infrastructure,-3,2021-08-16,228.72332763671875,-4.3225497353706395,1.8857508307574156,68032200
Dojo Supercomputer Announcement,2021-08-19,AI Infrastructure,-2,2021-08-17,221.90333557128906,-2.981764971635026,-1.152242798601455,71163900
Dojo Supercomputer Announcement,2021-08-19,AI Infrastructure,-1,2021-08-18,229.663330078125,3.497015710402862,2.3044788001123084,61048200
Dojo Supercomputer Announcement,2021-08-19,AI Infrastructure,0,2021-08-19,224.49000549316406,-2.252568828990298,0.0,42940500
Dojo Supercomputer Announcement,2021-08-19,AI Infrastructure,1,2021-08-20,226.75332641601562,1.0082056516856674,1.0082056516856674,44525700
Dojo Supercomputer Announcement,2021-08-19,AI Infrastructure,2,2021-08-23,235.43333435058594,3.8279517534598018,4.87475103106767,60794700
Dojo Supercomputer Announcement,2021-08-19,AI Infrastructure,3,2021-08-24,236.163330078125,0.31006472789958384,5.199930642487516,39249300
Dojo Supercomputer Announcement,2021-08-19,AI Infrastructure,4,2021-08-25,237.06666564941406,0.38250458739306215,5.602325203129355,37936800
Dojo Supercomputer Announcement,2021-08-19,AI Infrastructure,5,2021-08-26,233.72000122070312,-1.411697599720807,4.111539712987411,39642900
Dojo Supercomputer Announcement,2021-08-19,AI Infrastructure,6,2021-08-27,237.30667114257812,1.534601190801843,5.709236641185056,41501400
Dojo Supercomputer Announcement,2021-08-19,AI Infrastructure,7,2021-08-30,243.6366729736328,2.667435264494311,8.528962097179772,55812600
Dojo Supercomputer Announcement,2021-08-19,AI Infrastructure,8,2021-08-31,245.24000549316406,0.658083407543808,9.243173189120824,62566200
Dojo Supercomputer Announcement,2021-08-19,AI Infrastructure,9,2021-09-01,244.69667053222656,-0.22155233598404322,9.001142387017236,39612900
Dojo Supercomputer Announcement,2021-08-19,AI Infrastructure,10,2021-09-02,244.1300048828125,-0.2315788147756681,8.748718833385439,38331900
Dojo Supercomputer Announcement,2021-08-19,AI Infrastructure,11,2021-09-03,244.52333068847656,0.16111325842673718,8.923927437795243,45738300
Dojo Supercomputer Announcement,2021-08-19,AI Infrastructure,12,2021-09-07,250.97332763671875,2.637783858939624,11.797105214272507,60119400
Dojo Supercomputer Announcement,2021-08-19,AI Infrastructure,13,2021-09-08,251.2899932861328,0.12617502122473923,11.93816523550526,56379000
Dojo Supercomputer Announcement,2021-08-19,AI Infrastructure,14,2021-09-09,251.6199951171875,0.1313231087076927,12.085165913922857,42233100
Dojo Supercomputer Announcement,2021-08-19,AI Infrastructure,15,2021-09-10,245.42333984375,-2.4627038366134335,9.32484023268616,45552600
Dojo Supercomputer Announcement,2021-08-19,AI Infrastructure,16,2021-09-13,247.6666717529297,0.914066245943812,10.32414169568514,68857500
Dojo Supercomputer Announcement,2021-08-19,AI Infrastructure,17,2021-09-14,248.163330078125,0.20053498586631857,10.54538019764173,55574700
Dojo Supercomputer Announcement,2021-08-19,AI Infrastructure,18,2021-09-15,251.94332885742188,1.5231899000174076,12.229196263748054,46073100
Dojo Supercomputer Announcement,2021-08-19,AI Infrastructure,19,2021-09-16,252.3300018310547,0.15347617076681974,12.401441336656017,41770200
Dojo Supercomputer Announcement,2021-08-19,AI Infrastructure,20,2021-09-17,253.163330078125,0.33025333532406,12.772650845622646,84612600
Dojo Supercomputer Announcement,2021-08-19,AI Infrastructure,21,2021-09-20,243.38999938964844,-3.860484330594227,8.419080330531648,74273100
Dojo Supercomputer Announcement,2021-08-19,AI Infrastructure,22,2021-09-21,246.4600067138672,1.2613531089680885,9.786627770995416,48992100
Dojo Supercomputer Announcement,2021-08-19,AI Infrastructure,23,2021-09-22,250.64666748046875,1.69871810945057,11.651593098696411,45378900
Dojo Supercomputer Announcement,2021-08-19,AI Infrastructure,24,2021-09-23,251.2133331298828,0.22608146164888598,11.90401665232821,35842500
Dojo Supercomputer Announcement,2021-08-19,AI Infrastructure,25,2021-09-24,258.1300048828125,2.7533059916662994,14.98507664773201,64119000
Dojo Supercomputer Announcement,2021-08-19,AI Infrastructure,26,2021-09-27,263.78668212890625,2.191406322043732,17.504866886797245,84212100
Dojo Supercomputer Announcement,2021-08-19,AI Infrastructure,27,2021-09-28,259.1866760253906,-1.7438356123178789,15.455775171818553,76144200
Dojo Supercomputer Announcement,2021-08-19,AI Infrastructure,28,2021-09-29,260.4366760253906,0.4822778775393388,16.012592833813777,62828700
Dojo Supercomputer Announcement,2021-08-19,AI Infrastructure,29,2021-09-30,258.49334716796875,-0.7461809477373404,15.146928969111784,53868000
Dojo Supercomputer Announcement,2021-08-19,AI Infrastructure,30,2021-10-01,258.40667724609375,-0.03352887910832436,15.108321494500787,51094200
Cybertruck Deliveries Begin,2023-11-30,Electric Vehicles,-30,2023-10-18,242.67999267578125,-4.775363208267347,1.0829685208667117,125147800
Cybertruck Deliveries Begin,2023-11-30,Electric Vehicles,-29,2023-10-19,220.11000061035156,-9.300310180733785,-8.318061091467378,170772700
Cybertruck Deliveries Begin,2023-11-30,Electric Vehicles,-28,2023-10-20,211.99000549316406,-3.6890623300491754,-11.700264963200757,138010100
Cybertruck Deliveries Begin,2023-11-30,Electric Vehicles,-27,2023-10-23,212.0800018310547,0.04245310418349302,-11.662778984691824,150683400
Cybertruck Deliveries Begin,2023-11-30,Electric Vehicles,-26,2023-10-24,216.52000427246094,2.093550737020089,-9.813394443062784,118231100
Cybertruck Deliveries Begin,2023-11-30,Electric Vehicles,-25,2023-10-25,212.4199981689453,-1.8935922882932887,-11.521161050962437,107065100
Cybertruck Deliveries Begin,2023-11-30,Electric Vehicles,-24,2023-10-26,205.75999450683594,-3.1352997455599385,-14.295237863405996,115112600
Cybertruck Deliveries Begin,2023-11-30,Electric Vehicles,-23,2023-10-27,207.3000030517578,0.748448962886572,-13.653781460050263,94881200
Cybertruck Deliveries Begin,2023-11-30,Electric Vehicles,-22,2023-10-30,197.36000061035156,-4.794984223383958,-17.79406901652949,136448200
Cybertruck Deliveries Begin,2023-11-30,Electric Vehicles,-21,2023-10-31,200.83999633789062,1.7632730628176496,-16.344553979459487,118068300
Cybertruck Deliveries Begin,2023-11-30,Electric Vehicles,-20,2023-11-01,205.66000366210938,2.3999240251476817,-14.336886832068096,121661700
Cybertruck Deliveries Begin,2023-11-30,Electric Vehicles,-19,2023-11-02,218.50999450683594,6.248172039245192,-8.984508147162396,125987600
Cybertruck Deliveries Begin,2023-11-30,Electric Vehicles,-18,2023-11-03,219.9600067138672,0.6635907937775798,-8.380537722315594,119534800
Cybertruck Deliveries Begin,2023-11-30,Electric Vehicles,-17,2023-11-06,219.27000427246094,-0.31369449915676917,-8.667942935637695,117335800
Cybertruck Deliveries Begin,2023-11-30,Electric Vehicles,-16,2023-11-07,222.17999267578125,1.3271256198382764,-7.455851807211222,116900100
Cybertruck Deliveries Begin,2023-11-30,Electric Vehicles,-15,2023-11-08,222.11000061035156,-0.031502415940676265,-7.485005449703674,106584800
Cybertruck Deliveries Begin,2023-11-30,Electric Vehicles,-14,2023-11-09,209.97999572753906,-5.461260118625733,-12.537489950827773,142110500
Cybertruck Deliveries Begin,2023-11-30,Electric Vehicles,-13,2023-11-10,214.64999389648438,2.2240205086035525,-10.59230578999475,130994000
Cybertruck Deliveries Begin,2023-11-30,Electric Vehicles,-12,2023-11-13,223.7100067138672,4.220830689495392,-6.818558394008645,140447600
Cybertruck Deliveries Begin,2023-11-30,Electric Vehicles,-11,2023-11-14,237.41000366210938,6.123998273248876,-1.112128519069322,149771600
Cybertruck Deliveries Begin,2023-11-30,Electric Vehicles,-10,2023-11-15,242.83999633789062,2.2871793909364557,1.149614497578244,150354000
Cybertruck Deliveries Begin,2023-11-30,Electric Vehicles,-9,2023-11-16,233.58999633789062,-3.8090924639652135,-2.7032678455788717,136816800
Cybertruck Deliveries Begin,2023-11-30,Electric Vehicles,-8,2023-11-17,234.3000030517578,0.3039542467564216,-2.40753029624029,142532800
Cybertruck Deliveries Begin,2023-11-30,Electric Vehicles,-7,2023-11-20,235.60000610351562,0.5548455120893081,-1.866042857951844,116320100
Cybertruck Deliveries Begin,2023-11-30,Electric Vehicles,-6,2023-11-21,241.1999969482422,2.3769060694616817,0.46650912556043256,122288000
Cybertruck Deliveries Begin,2023-11-30,Electric Vehicles,-5,2023-11-22,234.2100067138672,-2.8980059381488954,-2.445016274749212,117950600
Cybertruck Deliveries Begin,2023-11-30,Electric Vehicles,-4,2023-11-24,235.4499969482422,0.529435207219775,-1.9285258445102205,65125200
Cybertruck Deliveries Begin,2023-11-30,Electric Vehicles,-3,2023-11-27,236.0800018310547,0.26757481035388775,-1.666111283527405,112031800
Cybertruck Deliveries Begin,2023-11-30,Electric Vehicles,-2,2023-11-28,246.72000122070312,4.506946504203557,2.765744476427079,148549900
Cybertruck Deliveries Begin,2023-11-30,Electric Vehicles,-1,2023-11-29,244.13999938964844,-1.0457205813430348,1.691101935866679,135401300
Cybertruck Deliveries Begin,2023-11-30,Electric Vehicles,0,2023-11-30,240.0800018310547,-1.6629792613843564,0.0,132353200
Cybertruck Deliveries Begin,2023-11-30,Electric Vehicles,1,2023-12-01,238.8300018310547,-0.5206597761023168,-0.5206597761023168,121331700
Cybertruck Deliveries Begin,2023-11-30,Electric Vehicles,2,2023-12-04,235.5800018310547,-1.360800559009756,-1.874375193968325,104099800
Cybertruck Deliveries Begin,2023-11-30,Electric Vehicles,3,2023-12-05,238.72000122070312,1.3328802806870987,-0.56647809062772,137971100
Cybertruck Deliveries Begin,2023-11-30,Electric Vehicles,4,2023-12-06,239.3699951171875,0.2722829646282676,-0.29573754933858165,126436200
Cybertruck Deliveries Begin,2023-11-30,Electric Vehicles,5,2023-12-07,242.63999938964844,1.366087788429815,1.0663102045439077,107142300
Cybertruck Deliveries Begin,2023-11-30,Electric Vehicles,6,2023-12-08,243.83999633789062,0.49455858525417895,1.5661423184601064,103126800
Cybertruck Deliveries Begin,2023-11-30,Electric Vehicles,7,2023-12-11,239.74000549316406,-1.681426716823431,-0.1416179337293877,97913900
Cybertruck Deliveries Begin,2023-11-30,Electric Vehicles,8,2023-12-12,237.00999450683594,-1.1387381846063915,-1.278743460848153,95328300
Cybertruck Deliveries Begin,2023-11-30,Electric Vehicles,9,2023-12-13,239.2899932861328,0.9619842336358264,-0.32906053769434784,146286300
Cybertruck Deliveries Begin,2023-11-30,Electric Vehicles,10,2023-12-14,251.0500030517578,4.914543063053567,4.569310703530727,160829200
Cybertruck Deliveries Begin,2023-11-30,Electric Vehicles,11,2023-12-15,253.5,0.9758999874367902,5.58980259354922,135932800
Cybertruck Deliveries Begin,2023-11-30,Electric Vehicles,12,2023-12-18,252.0800018310547,-0.5601570686174839,4.998333850582215,116416500
Cybertruck Deliveries Begin,2023-11-30,Electric Vehicles,13,2023-12-19,257.2200012207031,2.03903496997484,7.139286595686523,106737400
Cybertruck Deliveries Begin,2023-11-30,Electric Vehicles,14,2023-12-20,247.13999938964844,-3.918825045959673,2.940685398512244,125097000
Cybertruck Deliveries Begin,2023-11-30,Electric Vehicles,15,2023-12-21,254.5,2.9780693649462897,6.0063304144310825,109594200
Cybertruck Deliveries Begin,2023-11-30,Electric Vehicles,16,2023-12-22,252.5399932861328,-0.7701401626197146,5.189933088990184,93370100
Cybertruck Deliveries Begin,2023-11-30,Electric Vehicles,17,2023-12-26,256.6099853515625,1.6116227819877649,6.885198015010019,86892400
Cybertruck Deliveries Begin,2023-11-30,Electric Vehicles,18,2023-12-27,261.44000244140625,1.8822405072142834,8.897034508264735,106494400
Cybertruck Deliveries Begin,2023-11-30,Electric Vehicles,19,2023-12-28,253.17999267578125,-3.1594284304201747,5.456510640126155,113619900
Cybertruck Deliveries Begin,2023-11-30,Electric Vehicles,20,2023-12-29,248.47999572753906,-1.8563856087399966,3.498831153123483,100891600
Cybertruck Deliveries Begin,2023-11-30,Electric Vehicles,21,2024-01-02,248.4199981689453,-0.02414583049958896,3.473840500784209,104654200
Cybertruck Deliveries Begin,2023-11-30,Electric Vehicles,22,2024-01-03,238.4499969482422,-4.013364984377277,-0.6789423818646667,121082600
Cybertruck Deliveries Begin,2023-11-30,Electric Vehicles,23,2024-01-04,237.92999267578125,-0.21807686270334248,-0.895538628322079,102629300
Cybertruck Deliveries Begin,2023-11-30,Electric Vehicles,24,2024-01-05,237.49000549316406,-0.1849229589212631,-1.0788055307135558,92488900
Cybertruck Deliveries Begin,2023-11-30,Electric Vehicles,25,2024-01-08,240.4499969482422,1.2463646412957496,0.1541132598990247,85166600
Cybertruck Deliveries Begin,2023-11-30,Electric Vehicles,26,2024-01-09,234.9600067138672,-2.283214932024613,-2.1326204090878265,96705700
Cybertruck Deliveries Begin,2023-11-30,Electric Vehicles,27,2024-01-10,233.94000244140625,-0.43411825132567694,-2.557480565986159,91628500
Cybertruck Deliveries Begin,2023-11-30,Electric Vehicles,28,2024-01-11,227.22000122070312,-2.8725319101363445,-5.356548030769015,105873600
Cybertruck Deliveries Begin,2023-11-30,Electric Vehicles,29,2024-01-12,218.88999938964844,-3.6660513098772496,-8.826225541400046,123043800
Cybertruck Deliveries Begin,2023-11-30,Electric Vehicles,30,2024-01-16,219.91000366210938,0.46598943547220273,-8.401365384501712,115355000
Optimus Gen 2 Reveal,2023-12-13,Robotics/AI,-30,2023-10-31,200.83999633789062,1.7632730628176496,-16.068368100234476,118068300
Optimus Gen 2 Reveal,2023-12-13,Robotics/AI,-29,2023-11-01,205.66000366210938,2.3999240251476817,-14.054072701573494,121661700
Optimus Gen 2 Reveal,2023-12-13,Robotics/AI,-28,2023-11-02,218.50999450683594,6.248172039245192,-8.684023303243205,125987600
Optimus Gen 2 Reveal,2023-12-13,Robotics/AI,-27,2023-11-03,219.9600067138672,0.6635907937775798,-8.078058888635454,119534800
Optimus Gen 2 Reveal,2023-12-13,Robotics/AI,-26,2023-11-06,219.27000427246094,-0.31369449915676917,-8.366412961419922,117335800
Optimus Gen 2 Reveal,2023-12-13,Robotics/AI,-25,2023-11-07,222.17999267578125,1.3271256198382764,-7.150320151454115,116900100
Optimus Gen 2 Reveal,2023-12-13,Robotics/AI,-24,2023-11-08,222.11000061035156,-0.031502415940676265,-7.179570043799599,106584800
Optimus Gen 2 Reveal,2023-12-13,Robotics/AI,-23,2023-11-09,209.97999572753906,-5.461260118625733,-12.248735166934498,142110500
Optimus Gen 2 Reveal,2023-12-13,Robotics/AI,-22,2023-11-10,214.64999389648438,2.2240205086035525,-10.297129040488118,130994000
Optimus Gen 2 Reveal,2023-12-13,Robotics/AI,-21,2023-11-13,223.7100067138672,4.220830689495392,-6.510922733670577,140447600
Optimus Gen 2 Reveal,2023-12-13,Robotics/AI,-20,2023-11-14,237.41000366210938,6.123998273248876,-0.7856532562042551,149771600
Optimus Gen 2 Reveal,2023-12-13,Robotics/AI,-19,2023-11-15,242.83999633789062,2.2871793909364557,1.4835568353720685,150354000
Optimus Gen 2 Reveal,2023-12-13,Robotics/AI,-18,2023-11-16,233.58999633789062,-3.8090924639652135,-2.3820456802079337,136816800
Optimus Gen 2 Reveal,2023-12-13,Robotics/AI,-17,2023-11-17,234.3000030517578,0.3039542467564216,-2.0853317624561885,142532800
Optimus Gen 2 Reveal,2023-12-13,Robotics/AI,-16,2023-11-20,235.60000610351562,0.5548455120893081,-1.542056620063026,116320100
Optimus Gen 2 Reveal,2023-12-13,Robotics/AI,-15,2023-11-21,241.1999969482422,2.3769060694616817,0.7981962120018338,122288000
Optimus Gen 2 Reveal,2023-12-13,Robotics/AI,-14,2023-11-22,234.2100067138672,-2.8980059381488954,-2.1229414997689378,117950600
Optimus Gen 2 Reveal,2023-12-13,Robotics/AI,-13,2023-11-24,235.4499969482422,0.529435207219775,-1.6047458922776259,65125200
Optimus Gen 2 Reveal,2023-12-13,Robotics/AI,-12,2023-11-27,236.0800018310547,0.26757481035388775,-1.3414649777016563,112031800
Optimus Gen 2 Reveal,2023-12-13,Robotics/AI,-11,2023-11-28,246.72000122070312,4.506946504203557,3.105022417584258,148549900
Optimus Gen 2 Reveal,2023-12-13,Robotics/AI,-10,2023-11-29,244.13999938964844,-1.0457205813430348,2.026831977765231,135401300
Optimus Gen 2 Reveal,2023-12-13,Robotics/AI,-9,2023-11-30,240.0800018310547,-1.6629792613843564,0.33014692092754316,132353200
Optimus Gen 2 Reveal,2023-12-13,Robotics/AI,-8,2023-12-01,238.8300018310547,-0.5206597761023168,-0.19223179739408236,121331700
Optimus Gen 2 Reveal,2023-12-13,Robotics/AI,-7,2023-12-04,235.5800018310547,-1.360800559009756,-1.5504164650303132,104099800
Optimus Gen 2 Reveal,2023-12-13,Robotics/AI,-6,2023-12-05,238.72000122070312,1.3328802806870987,-0.23820137967411892,137971100
Optimus Gen 2 Reveal,2023-12-13,Robotics/AI,-5,2023-12-06,239.3699951171875,0.2722829646282676,0.03343300317577569,126436200
Optimus Gen 2 Reveal,2023-12-13,Robotics/AI,-4,2023-12-07,242.63999938964844,1.366087788429815,1.3999775157792937,107142300
Optimus Gen 2 Reveal,2023-12-13,Robotics/AI,-3,2023-12-08,243.83999633789062,0.49455858525417895,1.9014598100293822,103126800
Optimus Gen 2 Reveal,2023-12-13,Robotics/AI,-2,2023-12-11,239.74000549316406,-1.681426716823431,0.18806143995044877,97913900
Optimus Gen 2 Reveal,2023-12-13,Robotics/AI,-1,2023-12-12,237.00999450683594,-1.1387381846063915,-0.9528182720831779,95328300
Optimus Gen 2 Reveal,2023-12-13,Robotics/AI,0,2023-12-13,239.2899932861328,0.9619842336358264,0.0,146286300
Optimus Gen 2 Reveal,2023-12-13,Robotics/AI,1,2023-12-14,251.0500030517578,4.914543063053567,4.914543063053567,160829200
Optimus Gen 2 Reveal,2023-12-13,Robotics/AI,2,2023-12-15,253.5,0.9758999874367902,5.938404075625292,135932800
Optimus Gen 2 Reveal,2023-12-13,Robotics/AI,3,2023-12-18,252.0800018310547,-0.5601570686174839,5.34498261681513,116416500
Optimus Gen 2 Reveal,2023-12-13,Robotics/AI,4,2023-12-19,257.2200012207031,2.03903496997484,7.493003651485908,106737400
Optimus Gen 2 Reveal,2023-12-13,Robotics/AI,5,2023-12-20,247.13999938964844,-3.918825045959673,3.280540901737128,125097000
Optimus Gen 2 Reveal,2023-12-13,Robotics/AI,6,2023-12-21,254.5,2.9780693649462897,6.356307050282584,109594200
Optimus Gen 2 Reveal,2023-12-13,Robotics/AI,7,2023-12-22,252.5399932861328,-0.7701401626197146,5.537214414209202,93370100
Optimus Gen 2 Reveal,2023-12-13,Robotics/AI,8,2023-12-26,256.6099853515625,1.6116227819877649,7.238076205183885,86892400
Optimus Gen 2 Reveal,2023-12-13,Robotics/AI,9,2023-12-27,261.44000244140625,1.8822405072142834,9.256554714675168,106494400
Optimus Gen 2 Reveal,2023-12-13,Robotics/AI,10,2023-12-28,253.17999267578125,-3.1594284304201747,5.804672062922145,113619900
Optimus Gen 2 Reveal,2023-12-13,Robotics/AI,11,2023-12-29,248.47999572753906,-1.8563856087399966,3.840529357371514,100891600
Optimus Gen 2 Reveal,2023-12-13,Robotics/AI,12,2024-01-02,248.4199981689453,-0.02414583049958896,3.8154561991630143,104654200
Optimus Gen 2 Reveal,2023-12-13,Robotics/AI,13,2024-01-03,238.4499969482422,-4.013364984377277,-0.35103696830572906,121082600
Optimus Gen 2 Reveal,2023-12-13,Robotics/AI,14,2024-01-04,237.92999267578125,-0.21807686270334248,-0.5683483006016621,102629300
Optimus Gen 2 Reveal,2023-12-13,Robotics/AI,15,2024-01-05,237.49000549316406,-0.1849229589212631,-0.7522202530284683,92488900
Optimus Gen 2 Reveal,2023-12-13,Robotics/AI,16,2024-01-08,240.4499969482422,1.2463646412957496,0.4847689810088651,85166600
Optimus Gen 2 Reveal,2023-12-13,Robotics/AI,17,2024-01-09,234.9600067138672,-2.283214932024613,-1.809514268775969,96705700
Optimus Gen 2 Reveal,2023-12-13,Robotics/AI,18,2024-01-10,233.94000244140625,-0.43411825132567694,-2.235777088400548,91628500
Optimus Gen 2 Reveal,2023-12-13,Robotics/AI,19,2024-01-11,227.22000122070312,-2.8725319101363445,-5.04408558823306,105873600
Optimus Gen 2 Reveal,2023-12-13,Robotics/AI,20,2024-01-12,218.88999938964844,-3.6660513098772496,-8.525218132331558,123043800
Optimus Gen 2 Reveal,2023-12-13,Robotics/AI,21,2024-01-16,219.91000366210938,0.46598943547220273,-8.098955312706979,115355000
Optimus Gen 2 Reveal,2023-12-13,Robotics/AI,22,2024-01-17,215.5500030517578,-1.9826295019533036,-9.921012537280538,103164400
Optimus Gen 2 Reveal,2023-12-13,Robotics/AI,23,2024-01-18,211.8800048828125,-1.7026203279913998,-11.454715689069628,108595400
Optimus Gen 2 Reveal,2023-12-13,Robotics/AI,24,2024-01-19,212.19000244140625,0.14630807600990448,-11.325166787196794,102260300
Optimus Gen 2 Reveal,2023-12-13,Robotics/AI,25,2024-01-22,208.8000030517578,-1.5976244642273096,-12.741857616217311,117952500
Optimus Gen 2 Reveal,2023-12-13,Robotics/AI,26,2024-01-23,209.13999938964844,0.16283349277841364,-12.599772135240228,106605900
Optimus Gen 2 Reveal,2023-12-13,Robotics/AI,27,2024-01-24,207.8300018310547,-0.6263735117226887,-13.147224011770353,123369900
Optimus Gen 2 Reveal,2023-12-13,Robotics/AI,28,2024-01-25,182.6300048828125,-12.125293136804816,-23.67837769779563,198076800
Optimus Gen 2 Reveal,2023-12-13,Robotics/AI,29,2024-01-26,183.25,0.3394815203478396,-23.41927989404996,107343200
Optimus Gen 2 Reveal,2023-12-13,Robotics/AI,30,2024-01-29,190.92999267578125,4.190991910385411,-20.20978810949471,125013100
FSD v12 Wide Rollout,2024-03-16,Autonomous Driving,-30,2024-02-02,187.91000366210938,-0.5030164911426604,8.1185272512047,110612700
FSD v12 Wide Rollout,2024-03-16,Autonomous Driving,-29,2024-02-05,181.05999755859375,-3.645365318513305,4.177211955901927,134294400
FSD v12 Wide Rollout,2024-03-16,Autonomous Driving,-28,2024-02-06,185.10000610351562,2.23130928940527,6.501727763717402,122676000
FSD v12 Wide Rollout,2024-03-16,Autonomous Driving,-27,2024-02-07,187.5800018310547,1.339813963135228,7.928652783275947,111535200
FSD v12 Wide Rollout,2024-03-16,Autonomous Driving,-26,2024-02-08,189.55999755859375,1.0555473441792307,9.067890811338252,83034000
FSD v12 Wide Rollout,2024-03-16,Autonomous Driving,-25,2024-02-09,193.57000732421875,2.1154303741671487,11.375146102024747,84476300
FSD v12 Wide Rollout,2024-03-16,Autonomous Driving,-24,2024-02-12,188.1300048828125,-2.8103539988478476,8.245110229823883,95498600
FSD v12 Wide Rollout,2024-03-16,Autonomous Driving,-23,2024-02-13,184.02000427246094,-2.1846598116614713,5.880322808544247,86759500
FSD v12 Wide Rollout,2024-03-16,Autonomous Driving,-22,2024-02-14,188.7100067138672,2.5486372853585015,8.578828193500755,81203000
FSD v12 Wide Rollout,2024-03-16,Autonomous Driving,-21,2024-02-15,200.4499969482422,6.221180550417671,15.333713134946247,120831800
FSD v12 Wide Rollout,2024-03-16,Autonomous Driving,-20,2024-02-16,199.9499969482422,-0.24943876658132247,15.046026143450009,111346700
FSD v12 Wide Rollout,2024-03-16,Autonomous Driving,-19,2024-02-20,193.75999450683594,-3.0957752117438453,11.484459784004741,104545800
FSD v12 Wide Rollout,2024-03-16,Autonomous Driving,-18,2024-02-21,194.77000427246094,0.521268473502845,12.065593125713715,103500300
FSD v12 Wide Rollout,2024-03-16,Autonomous Driving,-17,2024-02-22,197.41000366210938,1.3554445406056326,13.584580089633524,92739500
FSD v12 Wide Rollout,2024-03-16,Autonomous Driving,-16,2024-02-23,191.97000122070312,-2.7556873210526134,10.454544217432638,78841900
FSD v12 Wide Rollout,2024-03-16,Autonomous Driving,-15,2024-02-26,199.39999389648438,3.870392576202142,14.729568696902074,111747100
FSD v12 Wide Rollout,2024-03-16,Autonomous Driving,-14,2024-02-27,199.72999572753906,0.1654974128163733,14.919443164830826,108645400
FSD v12 Wide Rollout,2024-03-16,Autonomous Driving,-13,2024-02-28,202.0399932861328,1.156560160219966,16.248555660821886,99806200
FSD v12 Wide Rollout,2024-03-16,Autonomous Driving,-12,2024-02-29,201.8800048828125,-0.07918650199801869,16.15650249597087,85907000
FSD v12 Wide Rollout,2024-03-16,Autonomous Driving,-11,2024-03-01,202.63999938964844,0.3764585340074067,16.593783562421493,82243100
FSD v12 Wide Rollout,2024-03-16,Autonomous Driving,-10,2024-03-04,188.13999938964844,-7.155546804023882,8.250860809030103,134334900
FSD v12 Wide Rollout,2024-03-16,Autonomous Driving,-9,2024-03-05,180.74000549316406,-3.933237971984138,3.9930968466896477,119660800
FSD v12 Wide Rollout,2024-03-16,Autonomous Driving,-8,2024-03-06,176.5399932861328,-2.323786698783792,1.5765190945129293,107920900
FSD v12 Wide Rollout,2024-03-16,Autonomous Driving,-7,2024-03-07,178.64999389648438,1.1951969472048907,2.7905585498075203,102129000
FSD v12 Wide Rollout,2024-03-16,Autonomous Driving,-6,2024-03-08,175.33999633789062,-1.8527834714126334,0.8860720708239622,85544600
FSD v12 Wide Rollout,2024-03-16,Autonomous Driving,-5,2024-03-11,177.77000427246094,1.3858834181150304,2.284235414841085,85391500
FSD v12 Wide Rollout,2024-03-16,Autonomous Driving,-4,2024-03-12,177.5399932861328,-0.1293868373742013,2.151893077505429,87391700
FSD v12 Wide Rollout,2024-03-16,Autonomous Driving,-3,2024-03-13,169.47999572753906,-4.539820808488959,-2.485619820692553,106524500
FSD v12 Wide Rollout,2024-03-16,Autonomous Driving,-2,2024-03-14,162.5,-4.118477639544138,-6.5017277637173905,126325700
FSD v12 Wide Rollout,2024-03-16,Autonomous Driving,-1,2024-03-15,163.57000732421875,0.6584660456730784,-5.88607338775049,97146800
FSD v12 Wide Rollout,2024-03-16,Autonomous Driving,0,2024-03-18,173.8000030517578,6.254200201423088,0.0,108214400
FSD v12 Wide Rollout,2024-03-16,Autonomous Driving,1,2024-03-19,171.32000732421875,-1.4269250195585559,-1.4269250195585559,77271400
FSD v12 Wide Rollout,2024-03-16,Autonomous Driving,2,2024-03-20,175.66000366210938,2.5332688257929448,1.0701959595464716,83846700
FSD v12 Wide Rollout,2024-03-16,Autonomous Driving,3,2024-03-21,172.82000732421875,-1.6167575308454918,-0.5638640450697952,73178000
FSD v12 Wide Rollout,2024-03-16,Autonomous Driving,4,2024-03-22,170.8300018310547,-1.151490226146512,-1.708861431848574,75580600
FSD v12 Wide Rollout,2024-03-16,Autonomous Driving,5,2024-03-25,172.6300048828125,1.0536808713131895,-0.6731865065600084,74228600
FSD v12 Wide Rollout,2024-03-16,Autonomous Driving,6,2024-03-26,177.6699981689453,2.9195349264770964,2.2266945047377362,113186200
FSD v12 Wide Rollout,2024-03-16,Autonomous Driving,7,2024-03-27,179.8300018310547,1.2157391142962881,3.4695044150840015,81804000
FSD v12 Wide Rollout,2024-03-16,Autonomous Driving,8,2024-03-28,175.7899932861328,-2.2465709302040393,1.144988607268549,77654800
FSD v12 Wide Rollout,2024-03-16,Autonomous Driving,9,2024-04-01,175.22000122070312,-0.3242460249155976,0.8170300023081278,81562100
FSD v12 Wide Rollout,2024-03-16,Autonomous Driving,10,2024-04-02,166.6300048828125,-4.902406276707449,-4.125430404515051,116650600
FSD v12 Wide Rollout,2024-03-16,Autonomous Driving,11,2024-04-03,168.3800048828125,1.050231020055925,-3.1185259342781713,82950100
FSD v12 Wide Rollout,2024-03-16,Autonomous Driving,12,2024-04-04,171.11000061035156,1.6213301154368365,-1.5477574189714849,123162000
FSD v12 Wide Rollout,2024-03-16,Autonomous Driving,13,2024-04-05,164.89999389648438,-3.6292482565110196,-5.120833716339468,143157600
FSD v12 Wide Rollout,2024-03-16,Autonomous Driving,14,2024-04-08,172.97999572753906,4.899940648952894,-0.4718108802187704,104423300
FSD v12 Wide Rollout,2024-03-16,Autonomous Driving,15,2024-04-09,176.8800048828125,2.254601255405486,1.7721529211581544,102951700
FSD v12 Wide Rollout,2024-03-16,Autonomous Driving,16,2024-04-10,171.75999450683594,-2.8946236061948905,-1.1737678418304531,84532400
FSD v12 Wide Rollout,2024-03-16,Autonomous Driving,17,2024-04-11,174.60000610351562,1.653476762638495,0.46030094229605467,94516000
FSD v12 Wide Rollout,2024-03-16,Autonomous Driving,18,2024-04-12,171.0500030517578,-2.0332204625772565,-1.582278453229402,64722700
FSD v12 Wide Rollout,2024-03-16,Autonomous Driving,19,2024-04-15,161.47999572753906,-5.594859487563397,-7.0886116846326175,100245300
FSD v12 Wide Rollout,2024-03-16,Autonomous Driving,20,2024-04-16,157.11000061035156,-2.7062145360474688,-9.602993180866603,97000000
FSD v12 Wide Rollout,2024-03-16,Autonomous Driving,21,2024-04-17,155.4499969482422,-1.0565868854054306,-10.558116099716619,82439700
FSD v12 Wide Rollout,2024-03-16,Autonomous Driving,22,2024-04-18,149.92999267578125,-3.550983840996058,-13.734182944098139,96098800
FSD v12 Wide Rollout,2024-03-16,Autonomous Driving,23,2024-04-19,147.0500030517578,-1.9208895916184798,-15.391254045049596,87074500
FSD v12 Wide Rollout,2024-03-16,Autonomous Driving,24,2024-04-22,142.0500030517578,-3.400203941675628,-18.26812396001214,107097600
FSD v12 Wide Rollout,2024-03-16,Autonomous Driving,25,2024-04-23,144.67999267578125,1.8514534090260826,-16.7548963548088,124545100
FSD v12 Wide Rollout,2024-03-16,Autonomous Driving,26,2024-04-24,162.1300048828125,12.061109407252758,-6.714613327981345,181178000
FSD v12 Wide Rollout,2024-03-16,Autonomous Driving,27,2024-04-25,170.17999267578125,4.965143743002587,-2.0828597884998468,126427500
FSD v12 Wide Rollout,2024-03-16,Autonomous Driving,28,2024-04-26,168.2899932861328,-1.1105884774887609,-3.170316265175277,109815700
FSD v12 Wide Rollout,2024-03-16,Autonomous Driving,29,2024-04-29,194.0500030517578,15.306917103399531,11.651323155598291,243869700
FSD v12 Wide Rollout,2024-03-16,Autonomous Driving,30,2024-04-30,183.27999877929688,-5.550118063944742,5.45454290050611,127031800
